ISO-10303-21;
HEADER;
/* Generated by software containing ST-Developer
 * from STEP Tools, Inc. (www.steptools.com) 
 */

FILE_DESCRIPTION(
/* description */ (''),
/* implementation_level */ '2;1');

FILE_NAME(
/* name */ 'case universal.step',
/* time_stamp */ '2026-09-01T15:35:54-06:00',
/* author */ (''),
/* organization */ (''),
/* preprocessor_version */ 'ST-DEVELOPER v20.1',
/* originating_system */ 'Autodesk Translation Framework v15.8.0.0',
/* authorisation */ '');

FILE_SCHEMA (('AUTOMOTIVE_DESIGN { 1 0 10303 214 3 1 1 }'));
ENDSEC;

DATA;
#10=MECHANICAL_DESIGN_GEOMETRIC_PRESENTATION_REPRESENTATION('',(#17),#2117);
#11=ITEM_DEFINED_TRANSFORMATION($,$,#1287,#1394);
#12=(
REPRESENTATION_RELATIONSHIP($,$,#2128,#2127)
REPRESENTATION_RELATIONSHIP_WITH_TRANSFORMATION(#11)
SHAPE_REPRESENTATION_RELATIONSHIP()
);
#13=CONTEXT_DEPENDENT_SHAPE_REPRESENTATION(#12,#2126);
#14=NEXT_ASSEMBLY_USAGE_OCCURRENCE('Universal:1','Universal:1',
'Universal:1',#2130,#2131,'Universal:1');
#15=SHAPE_REPRESENTATION_RELATIONSHIP('SRR','None',#2128,#16);
#16=ADVANCED_BREP_SHAPE_REPRESENTATION('',(#18),#2116);
#17=STYLED_ITEM('',(#2141),#18);
#18=MANIFOLD_SOLID_BREP('Body1',#1273);
#19=FACE_BOUND('',#159,.T.);
#20=FACE_BOUND('',#166,.T.);
#21=FACE_BOUND('',#177,.T.);
#22=FACE_BOUND('',#178,.T.);
#23=FACE_BOUND('',#179,.T.);
#24=FACE_BOUND('',#182,.T.);
#25=FACE_BOUND('',#183,.T.);
#26=FACE_BOUND('',#191,.T.);
#27=FACE_BOUND('',#194,.T.);
#28=FACE_BOUND('',#195,.T.);
#29=FACE_BOUND('',#196,.T.);
#30=FACE_BOUND('',#197,.T.);
#31=FACE_BOUND('',#221,.T.);
#32=FACE_BOUND('',#224,.T.);
#33=FACE_BOUND('',#227,.T.);
#34=FACE_BOUND('',#230,.T.);
#35=CIRCLE('',#1290,10.5);
#36=CIRCLE('',#1291,10.5);
#37=CIRCLE('',#1292,10.5);
#38=CIRCLE('',#1293,10.5);
#39=CIRCLE('',#1299,2.8);
#40=CIRCLE('',#1300,2.8);
#41=CIRCLE('',#1301,2.8);
#42=CIRCLE('',#1304,2.8);
#43=CIRCLE('',#1310,1.);
#44=CIRCLE('',#1311,1.);
#45=CIRCLE('',#1313,1.);
#46=CIRCLE('',#1314,1.);
#47=CIRCLE('',#1316,1.);
#48=CIRCLE('',#1317,1.);
#49=CIRCLE('',#1320,4.8);
#50=CIRCLE('',#1321,4.8);
#51=CIRCLE('',#1323,4.8);
#52=CIRCLE('',#1324,4.8);
#53=CIRCLE('',#1325,4.8);
#54=CIRCLE('',#1332,2.8);
#55=CIRCLE('',#1333,2.8);
#56=CIRCLE('',#1336,4.8);
#57=CIRCLE('',#1337,4.8);
#58=CIRCLE('',#1339,4.8);
#59=CIRCLE('',#1341,4.8);
#60=CIRCLE('',#1343,4.8);
#61=CIRCLE('',#1344,4.8);
#62=CIRCLE('',#1346,4.8);
#63=CIRCLE('',#1355,2.8);
#64=CIRCLE('',#1358,2.8);
#65=CIRCLE('',#1363,2.8);
#66=CIRCLE('',#1366,2.8);
#67=CIRCLE('',#1371,2.8);
#68=CIRCLE('',#1373,2.8);
#69=CIRCLE('',#1375,2.8);
#70=CIRCLE('',#1379,2.8);
#71=CIRCLE('',#1381,2.8);
#72=CIRCLE('',#1382,2.8);
#73=CIRCLE('',#1383,2.8);
#74=CIRCLE('',#1386,2.8);
#75=CIRCLE('',#1387,2.8);
#76=CIRCLE('',#1388,2.8);
#77=CYLINDRICAL_SURFACE('',#1289,10.5);
#78=CYLINDRICAL_SURFACE('',#1303,2.8);
#79=CYLINDRICAL_SURFACE('',#1309,1.);
#80=CYLINDRICAL_SURFACE('',#1312,1.);
#81=CYLINDRICAL_SURFACE('',#1315,1.);
#82=CYLINDRICAL_SURFACE('',#1322,4.8);
#83=CYLINDRICAL_SURFACE('',#1340,4.8);
#84=CYLINDRICAL_SURFACE('',#1342,4.8);
#85=CYLINDRICAL_SURFACE('',#1345,4.8);
#86=CYLINDRICAL_SURFACE('',#1380,2.8);
#87=CYLINDRICAL_SURFACE('',#1385,2.8);
#88=FACE_OUTER_BOUND('',#152,.T.);
#89=FACE_OUTER_BOUND('',#153,.T.);
#90=FACE_OUTER_BOUND('',#154,.T.);
#91=FACE_OUTER_BOUND('',#155,.T.);
#92=FACE_OUTER_BOUND('',#156,.T.);
#93=FACE_OUTER_BOUND('',#157,.T.);
#94=FACE_OUTER_BOUND('',#158,.T.);
#95=FACE_OUTER_BOUND('',#160,.T.);
#96=FACE_OUTER_BOUND('',#161,.T.);
#97=FACE_OUTER_BOUND('',#162,.T.);
#98=FACE_OUTER_BOUND('',#163,.T.);
#99=FACE_OUTER_BOUND('',#164,.T.);
#100=FACE_OUTER_BOUND('',#165,.T.);
#101=FACE_OUTER_BOUND('',#167,.T.);
#102=FACE_OUTER_BOUND('',#168,.T.);
#103=FACE_OUTER_BOUND('',#169,.T.);
#104=FACE_OUTER_BOUND('',#170,.T.);
#105=FACE_OUTER_BOUND('',#171,.T.);
#106=FACE_OUTER_BOUND('',#172,.T.);
#107=FACE_OUTER_BOUND('',#173,.T.);
#108=FACE_OUTER_BOUND('',#174,.T.);
#109=FACE_OUTER_BOUND('',#175,.T.);
#110=FACE_OUTER_BOUND('',#176,.T.);
#111=FACE_OUTER_BOUND('',#180,.T.);
#112=FACE_OUTER_BOUND('',#181,.T.);
#113=FACE_OUTER_BOUND('',#184,.T.);
#114=FACE_OUTER_BOUND('',#185,.T.);
#115=FACE_OUTER_BOUND('',#186,.T.);
#116=FACE_OUTER_BOUND('',#187,.T.);
#117=FACE_OUTER_BOUND('',#188,.T.);
#118=FACE_OUTER_BOUND('',#189,.T.);
#119=FACE_OUTER_BOUND('',#190,.T.);
#120=FACE_OUTER_BOUND('',#192,.T.);
#121=FACE_OUTER_BOUND('',#193,.T.);
#122=FACE_OUTER_BOUND('',#198,.T.);
#123=FACE_OUTER_BOUND('',#199,.T.);
#124=FACE_OUTER_BOUND('',#200,.T.);
#125=FACE_OUTER_BOUND('',#201,.T.);
#126=FACE_OUTER_BOUND('',#202,.T.);
#127=FACE_OUTER_BOUND('',#203,.T.);
#128=FACE_OUTER_BOUND('',#204,.T.);
#129=FACE_OUTER_BOUND('',#205,.T.);
#130=FACE_OUTER_BOUND('',#206,.T.);
#131=FACE_OUTER_BOUND('',#207,.T.);
#132=FACE_OUTER_BOUND('',#208,.T.);
#133=FACE_OUTER_BOUND('',#209,.T.);
#134=FACE_OUTER_BOUND('',#210,.T.);
#135=FACE_OUTER_BOUND('',#211,.T.);
#136=FACE_OUTER_BOUND('',#212,.T.);
#137=FACE_OUTER_BOUND('',#213,.T.);
#138=FACE_OUTER_BOUND('',#214,.T.);
#139=FACE_OUTER_BOUND('',#215,.T.);
#140=FACE_OUTER_BOUND('',#216,.T.);
#141=FACE_OUTER_BOUND('',#217,.T.);
#142=FACE_OUTER_BOUND('',#218,.T.);
#143=FACE_OUTER_BOUND('',#219,.T.);
#144=FACE_OUTER_BOUND('',#220,.T.);
#145=FACE_OUTER_BOUND('',#222,.T.);
#146=FACE_OUTER_BOUND('',#223,.T.);
#147=FACE_OUTER_BOUND('',#225,.T.);
#148=FACE_OUTER_BOUND('',#226,.T.);
#149=FACE_OUTER_BOUND('',#228,.T.);
#150=FACE_OUTER_BOUND('',#229,.T.);
#151=FACE_OUTER_BOUND('',#231,.T.);
#152=EDGE_LOOP('',(#800,#801,#802,#803));
#153=EDGE_LOOP('',(#804,#805,#806,#807,#808,#809));
#154=EDGE_LOOP('',(#810,#811,#812,#813,#814));
#155=EDGE_LOOP('',(#815,#816,#817,#818));
#156=EDGE_LOOP('',(#819,#820,#821,#822,#823));
#157=EDGE_LOOP('',(#824,#825,#826,#827,#828,#829));
#158=EDGE_LOOP('',(#830,#831,#832,#833,#834,#835,#836,#837,#838,#839,#840,
#841,#842,#843,#844,#845));
#159=EDGE_LOOP('',(#846));
#160=EDGE_LOOP('',(#847,#848,#849,#850,#851,#852,#853,#854,#855));
#161=EDGE_LOOP('',(#856,#857,#858,#859));
#162=EDGE_LOOP('',(#860,#861,#862,#863));
#163=EDGE_LOOP('',(#864,#865,#866,#867));
#164=EDGE_LOOP('',(#868,#869,#870,#871));
#165=EDGE_LOOP('',(#872,#873,#874,#875));
#166=EDGE_LOOP('',(#876,#877,#878,#879));
#167=EDGE_LOOP('',(#880,#881,#882,#883));
#168=EDGE_LOOP('',(#884,#885,#886,#887));
#169=EDGE_LOOP('',(#888,#889,#890,#891));
#170=EDGE_LOOP('',(#892,#893,#894,#895));
#171=EDGE_LOOP('',(#896,#897,#898,#899));
#172=EDGE_LOOP('',(#900,#901,#902,#903,#904,#905,#906,#907));
#173=EDGE_LOOP('',(#908,#909,#910,#911,#912));
#174=EDGE_LOOP('',(#913,#914,#915,#916,#917));
#175=EDGE_LOOP('',(#918,#919,#920,#921,#922,#923,#924,#925,#926));
#176=EDGE_LOOP('',(#927,#928,#929,#930));
#177=EDGE_LOOP('',(#931));
#178=EDGE_LOOP('',(#932));
#179=EDGE_LOOP('',(#933));
#180=EDGE_LOOP('',(#934,#935,#936,#937));
#181=EDGE_LOOP('',(#938,#939,#940,#941,#942,#943));
#182=EDGE_LOOP('',(#944));
#183=EDGE_LOOP('',(#945));
#184=EDGE_LOOP('',(#946,#947,#948,#949,#950,#951));
#185=EDGE_LOOP('',(#952,#953,#954,#955,#956,#957,#958,#959));
#186=EDGE_LOOP('',(#960,#961,#962,#963,#964,#965));
#187=EDGE_LOOP('',(#966,#967,#968,#969));
#188=EDGE_LOOP('',(#970,#971,#972,#973,#974,#975,#976,#977));
#189=EDGE_LOOP('',(#978,#979,#980,#981));
#190=EDGE_LOOP('',(#982,#983,#984,#985,#986,#987,#988,#989,#990,#991,#992,
#993,#994,#995,#996,#997));
#191=EDGE_LOOP('',(#998));
#192=EDGE_LOOP('',(#999,#1000,#1001,#1002));
#193=EDGE_LOOP('',(#1003,#1004,#1005,#1006,#1007,#1008,#1009,#1010,#1011,
#1012,#1013,#1014));
#194=EDGE_LOOP('',(#1015,#1016,#1017,#1018));
#195=EDGE_LOOP('',(#1019));
#196=EDGE_LOOP('',(#1020));
#197=EDGE_LOOP('',(#1021));
#198=EDGE_LOOP('',(#1022,#1023));
#199=EDGE_LOOP('',(#1024,#1025));
#200=EDGE_LOOP('',(#1026,#1027));
#201=EDGE_LOOP('',(#1028,#1029));
#202=EDGE_LOOP('',(#1030,#1031));
#203=EDGE_LOOP('',(#1032,#1033,#1034,#1035));
#204=EDGE_LOOP('',(#1036,#1037));
#205=EDGE_LOOP('',(#1038,#1039,#1040,#1041));
#206=EDGE_LOOP('',(#1042,#1043));
#207=EDGE_LOOP('',(#1044,#1045));
#208=EDGE_LOOP('',(#1046,#1047));
#209=EDGE_LOOP('',(#1048,#1049,#1050,#1051));
#210=EDGE_LOOP('',(#1052,#1053));
#211=EDGE_LOOP('',(#1054,#1055,#1056,#1057));
#212=EDGE_LOOP('',(#1058,#1059,#1060,#1061));
#213=EDGE_LOOP('',(#1062,#1063,#1064,#1065));
#214=EDGE_LOOP('',(#1066,#1067,#1068,#1069));
#215=EDGE_LOOP('',(#1070,#1071,#1072,#1073));
#216=EDGE_LOOP('',(#1074,#1075,#1076,#1077));
#217=EDGE_LOOP('',(#1078,#1079,#1080,#1081));
#218=EDGE_LOOP('',(#1082,#1083,#1084,#1085));
#219=EDGE_LOOP('',(#1086,#1087,#1088,#1089));
#220=EDGE_LOOP('',(#1090,#1091,#1092,#1093,#1094,#1095,#1096,#1097,#1098,
#1099,#1100,#1101));
#221=EDGE_LOOP('',(#1102,#1103,#1104,#1105));
#222=EDGE_LOOP('',(#1106,#1107,#1108,#1109,#1110));
#223=EDGE_LOOP('',(#1111,#1112,#1113,#1114,#1115,#1116,#1117,#1118,#1119,
#1120,#1121,#1122));
#224=EDGE_LOOP('',(#1123,#1124,#1125,#1126));
#225=EDGE_LOOP('',(#1127,#1128,#1129,#1130,#1131));
#226=EDGE_LOOP('',(#1132,#1133,#1134,#1135));
#227=EDGE_LOOP('',(#1136,#1137,#1138,#1139));
#228=EDGE_LOOP('',(#1140,#1141,#1142,#1143));
#229=EDGE_LOOP('',(#1144,#1145,#1146,#1147));
#230=EDGE_LOOP('',(#1148,#1149,#1150,#1151));
#231=EDGE_LOOP('',(#1152,#1153,#1154,#1155));
#232=LINE('',#1754,#368);
#233=LINE('',#1756,#369);
#234=LINE('',#1758,#370);
#235=LINE('',#1759,#371);
#236=LINE('',#1764,#372);
#237=LINE('',#1772,#373);
#238=LINE('',#1774,#374);
#239=LINE('',#1776,#375);
#240=LINE('',#1777,#376);
#241=LINE('',#1780,#377);
#242=LINE('',#1782,#378);
#243=LINE('',#1783,#379);
#244=LINE('',#1786,#380);
#245=LINE('',#1788,#381);
#246=LINE('',#1790,#382);
#247=LINE('',#1791,#383);
#248=LINE('',#1795,#384);
#249=LINE('',#1797,#385);
#250=LINE('',#1799,#386);
#251=LINE('',#1800,#387);
#252=LINE('',#1801,#388);
#253=LINE('',#1806,#389);
#254=LINE('',#1808,#390);
#255=LINE('',#1810,#391);
#256=LINE('',#1812,#392);
#257=LINE('',#1814,#393);
#258=LINE('',#1816,#394);
#259=LINE('',#1818,#395);
#260=LINE('',#1820,#396);
#261=LINE('',#1822,#397);
#262=LINE('',#1823,#398);
#263=LINE('',#1829,#399);
#264=LINE('',#1831,#400);
#265=LINE('',#1833,#401);
#266=LINE('',#1835,#402);
#267=LINE('',#1837,#403);
#268=LINE('',#1838,#404);
#269=LINE('',#1839,#405);
#270=LINE('',#1843,#406);
#271=LINE('',#1848,#407);
#272=LINE('',#1850,#408);
#273=LINE('',#1851,#409);
#274=LINE('',#1854,#410);
#275=LINE('',#1855,#411);
#276=LINE('',#1858,#412);
#277=LINE('',#1860,#413);
#278=LINE('',#1862,#414);
#279=LINE('',#1863,#415);
#280=LINE('',#1868,#416);
#281=LINE('',#1874,#417);
#282=LINE('',#1880,#418);
#283=LINE('',#1885,#419);
#284=LINE('',#1887,#420);
#285=LINE('',#1889,#421);
#286=LINE('',#1890,#422);
#287=LINE('',#1895,#423);
#288=LINE('',#1902,#424);
#289=LINE('',#1905,#425);
#290=LINE('',#1908,#426);
#291=LINE('',#1910,#427);
#292=LINE('',#1912,#428);
#293=LINE('',#1913,#429);
#294=LINE('',#1917,#430);
#295=LINE('',#1919,#431);
#296=LINE('',#1921,#432);
#297=LINE('',#1923,#433);
#298=LINE('',#1924,#434);
#299=LINE('',#1926,#435);
#300=LINE('',#1927,#436);
#301=LINE('',#1928,#437);
#302=LINE('',#1930,#438);
#303=LINE('',#1931,#439);
#304=LINE('',#1933,#440);
#305=LINE('',#1934,#441);
#306=LINE('',#1941,#442);
#307=LINE('',#1944,#443);
#308=LINE('',#1948,#444);
#309=LINE('',#1951,#445);
#310=LINE('',#1954,#446);
#311=LINE('',#1958,#447);
#312=LINE('',#1961,#448);
#313=LINE('',#1964,#449);
#314=LINE('',#1967,#450);
#315=LINE('',#1971,#451);
#316=LINE('',#1974,#452);
#317=LINE('',#1976,#453);
#318=LINE('',#1977,#454);
#319=LINE('',#1979,#455);
#320=LINE('',#1981,#456);
#321=LINE('',#1982,#457);
#322=LINE('',#1985,#458);
#323=LINE('',#1987,#459);
#324=LINE('',#1989,#460);
#325=LINE('',#1990,#461);
#326=LINE('',#1999,#462);
#327=LINE('',#2002,#463);
#328=LINE('',#2004,#464);
#329=LINE('',#2005,#465);
#330=LINE('',#2010,#466);
#331=LINE('',#2013,#467);
#332=LINE('',#2015,#468);
#333=LINE('',#2016,#469);
#334=LINE('',#2023,#470);
#335=LINE('',#2026,#471);
#336=LINE('',#2028,#472);
#337=LINE('',#2029,#473);
#338=LINE('',#2034,#474);
#339=LINE('',#2037,#475);
#340=LINE('',#2039,#476);
#341=LINE('',#2040,#477);
#342=LINE('',#2044,#478);
#343=LINE('',#2046,#479);
#344=LINE('',#2048,#480);
#345=LINE('',#2049,#481);
#346=LINE('',#2053,#482);
#347=LINE('',#2055,#483);
#348=LINE('',#2057,#484);
#349=LINE('',#2058,#485);
#350=LINE('',#2063,#486);
#351=LINE('',#2064,#487);
#352=LINE('',#2069,#488);
#353=LINE('',#2070,#489);
#354=LINE('',#2075,#490);
#355=LINE('',#2076,#491);
#356=LINE('',#2078,#492);
#357=LINE('',#2079,#493);
#358=LINE('',#2082,#494);
#359=LINE('',#2084,#495);
#360=LINE('',#2085,#496);
#361=LINE('',#2088,#497);
#362=LINE('',#2092,#498);
#363=LINE('',#2099,#499);
#364=LINE('',#2104,#500);
#365=LINE('',#2105,#501);
#366=LINE('',#2107,#502);
#367=LINE('',#2109,#503);
#368=VECTOR('',#1401,10.);
#369=VECTOR('',#1402,10.);
#370=VECTOR('',#1403,10.);
#371=VECTOR('',#1404,10.);
#372=VECTOR('',#1409,10.);
#373=VECTOR('',#1418,10.);
#374=VECTOR('',#1419,10.);
#375=VECTOR('',#1420,10.);
#376=VECTOR('',#1421,10.);
#377=VECTOR('',#1424,10.);
#378=VECTOR('',#1425,10.);
#379=VECTOR('',#1426,10.);
#380=VECTOR('',#1429,10.);
#381=VECTOR('',#1430,10.);
#382=VECTOR('',#1431,10.);
#383=VECTOR('',#1432,10.);
#384=VECTOR('',#1435,10.);
#385=VECTOR('',#1436,10.);
#386=VECTOR('',#1437,10.);
#387=VECTOR('',#1438,10.);
#388=VECTOR('',#1439,10.);
#389=VECTOR('',#1446,10.);
#390=VECTOR('',#1447,10.);
#391=VECTOR('',#1448,10.);
#392=VECTOR('',#1449,10.);
#393=VECTOR('',#1450,10.);
#394=VECTOR('',#1451,10.);
#395=VECTOR('',#1452,10.);
#396=VECTOR('',#1453,10.);
#397=VECTOR('',#1454,10.);
#398=VECTOR('',#1455,10.);
#399=VECTOR('',#1460,10.);
#400=VECTOR('',#1461,10.);
#401=VECTOR('',#1462,10.);
#402=VECTOR('',#1463,10.);
#403=VECTOR('',#1464,10.);
#404=VECTOR('',#1465,10.);
#405=VECTOR('',#1466,10.);
#406=VECTOR('',#1471,2.8);
#407=VECTOR('',#1478,10.);
#408=VECTOR('',#1479,10.);
#409=VECTOR('',#1480,10.);
#410=VECTOR('',#1483,10.);
#411=VECTOR('',#1484,10.);
#412=VECTOR('',#1485,10.);
#413=VECTOR('',#1486,10.);
#414=VECTOR('',#1487,10.);
#415=VECTOR('',#1488,10.);
#416=VECTOR('',#1493,1.);
#417=VECTOR('',#1500,1.);
#418=VECTOR('',#1507,1.);
#419=VECTOR('',#1512,10.);
#420=VECTOR('',#1513,10.);
#421=VECTOR('',#1514,10.);
#422=VECTOR('',#1515,10.);
#423=VECTOR('',#1520,10.);
#424=VECTOR('',#1529,10.);
#425=VECTOR('',#1532,10.);
#426=VECTOR('',#1535,10.);
#427=VECTOR('',#1536,10.);
#428=VECTOR('',#1537,10.);
#429=VECTOR('',#1538,10.);
#430=VECTOR('',#1541,10.);
#431=VECTOR('',#1542,10.);
#432=VECTOR('',#1543,10.);
#433=VECTOR('',#1544,10.);
#434=VECTOR('',#1545,10.);
#435=VECTOR('',#1548,10.);
#436=VECTOR('',#1549,10.);
#437=VECTOR('',#1550,10.);
#438=VECTOR('',#1553,10.);
#439=VECTOR('',#1554,10.);
#440=VECTOR('',#1557,10.);
#441=VECTOR('',#1558,10.);
#442=VECTOR('',#1567,10.);
#443=VECTOR('',#1570,10.);
#444=VECTOR('',#1573,10.);
#445=VECTOR('',#1576,10.);
#446=VECTOR('',#1579,10.);
#447=VECTOR('',#1584,10.);
#448=VECTOR('',#1587,10.);
#449=VECTOR('',#1590,10.);
#450=VECTOR('',#1593,10.);
#451=VECTOR('',#1598,10.);
#452=VECTOR('',#1601,10.);
#453=VECTOR('',#1604,10.);
#454=VECTOR('',#1605,10.);
#455=VECTOR('',#1608,10.);
#456=VECTOR('',#1611,10.);
#457=VECTOR('',#1612,10.);
#458=VECTOR('',#1613,10.);
#459=VECTOR('',#1614,10.);
#460=VECTOR('',#1615,10.);
#461=VECTOR('',#1616,10.);
#462=VECTOR('',#1629,10.);
#463=VECTOR('',#1632,10.);
#464=VECTOR('',#1633,10.);
#465=VECTOR('',#1634,10.);
#466=VECTOR('',#1639,10.);
#467=VECTOR('',#1642,10.);
#468=VECTOR('',#1643,10.);
#469=VECTOR('',#1644,10.);
#470=VECTOR('',#1653,10.);
#471=VECTOR('',#1656,10.);
#472=VECTOR('',#1657,10.);
#473=VECTOR('',#1658,10.);
#474=VECTOR('',#1663,10.);
#475=VECTOR('',#1666,10.);
#476=VECTOR('',#1667,10.);
#477=VECTOR('',#1668,10.);
#478=VECTOR('',#1671,10.);
#479=VECTOR('',#1672,10.);
#480=VECTOR('',#1673,10.);
#481=VECTOR('',#1674,10.);
#482=VECTOR('',#1677,10.);
#483=VECTOR('',#1678,10.);
#484=VECTOR('',#1679,10.);
#485=VECTOR('',#1680,10.);
#486=VECTOR('',#1685,10.);
#487=VECTOR('',#1686,10.);
#488=VECTOR('',#1691,10.);
#489=VECTOR('',#1692,10.);
#490=VECTOR('',#1697,10.);
#491=VECTOR('',#1698,10.);
#492=VECTOR('',#1701,10.);
#493=VECTOR('',#1702,10.);
#494=VECTOR('',#1705,10.);
#495=VECTOR('',#1706,10.);
#496=VECTOR('',#1707,10.);
#497=VECTOR('',#1712,10.);
#498=VECTOR('',#1717,2.8);
#499=VECTOR('',#1728,2.8);
#500=VECTOR('',#1737,10.);
#501=VECTOR('',#1738,10.);
#502=VECTOR('',#1741,10.);
#503=VECTOR('',#1744,10.);
#504=VERTEX_POINT('',#1752);
#505=VERTEX_POINT('',#1753);
#506=VERTEX_POINT('',#1755);
#507=VERTEX_POINT('',#1757);
#508=VERTEX_POINT('',#1761);
#509=VERTEX_POINT('',#1763);
#510=VERTEX_POINT('',#1765);
#511=VERTEX_POINT('',#1767);
#512=VERTEX_POINT('',#1771);
#513=VERTEX_POINT('',#1773);
#514=VERTEX_POINT('',#1775);
#515=VERTEX_POINT('',#1779);
#516=VERTEX_POINT('',#1781);
#517=VERTEX_POINT('',#1785);
#518=VERTEX_POINT('',#1787);
#519=VERTEX_POINT('',#1789);
#520=VERTEX_POINT('',#1793);
#521=VERTEX_POINT('',#1794);
#522=VERTEX_POINT('',#1796);
#523=VERTEX_POINT('',#1798);
#524=VERTEX_POINT('',#1805);
#525=VERTEX_POINT('',#1807);
#526=VERTEX_POINT('',#1809);
#527=VERTEX_POINT('',#1811);
#528=VERTEX_POINT('',#1813);
#529=VERTEX_POINT('',#1815);
#530=VERTEX_POINT('',#1817);
#531=VERTEX_POINT('',#1819);
#532=VERTEX_POINT('',#1821);
#533=VERTEX_POINT('',#1824);
#534=VERTEX_POINT('',#1827);
#535=VERTEX_POINT('',#1828);
#536=VERTEX_POINT('',#1830);
#537=VERTEX_POINT('',#1832);
#538=VERTEX_POINT('',#1834);
#539=VERTEX_POINT('',#1836);
#540=VERTEX_POINT('',#1841);
#541=VERTEX_POINT('',#1847);
#542=VERTEX_POINT('',#1849);
#543=VERTEX_POINT('',#1853);
#544=VERTEX_POINT('',#1856);
#545=VERTEX_POINT('',#1857);
#546=VERTEX_POINT('',#1859);
#547=VERTEX_POINT('',#1861);
#548=VERTEX_POINT('',#1865);
#549=VERTEX_POINT('',#1867);
#550=VERTEX_POINT('',#1871);
#551=VERTEX_POINT('',#1873);
#552=VERTEX_POINT('',#1877);
#553=VERTEX_POINT('',#1879);
#554=VERTEX_POINT('',#1883);
#555=VERTEX_POINT('',#1884);
#556=VERTEX_POINT('',#1886);
#557=VERTEX_POINT('',#1888);
#558=VERTEX_POINT('',#1892);
#559=VERTEX_POINT('',#1894);
#560=VERTEX_POINT('',#1898);
#561=VERTEX_POINT('',#1901);
#562=VERTEX_POINT('',#1903);
#563=VERTEX_POINT('',#1907);
#564=VERTEX_POINT('',#1909);
#565=VERTEX_POINT('',#1911);
#566=VERTEX_POINT('',#1915);
#567=VERTEX_POINT('',#1916);
#568=VERTEX_POINT('',#1918);
#569=VERTEX_POINT('',#1920);
#570=VERTEX_POINT('',#1922);
#571=VERTEX_POINT('',#1936);
#572=VERTEX_POINT('',#1938);
#573=VERTEX_POINT('',#1943);
#574=VERTEX_POINT('',#1945);
#575=VERTEX_POINT('',#1947);
#576=VERTEX_POINT('',#1949);
#577=VERTEX_POINT('',#1953);
#578=VERTEX_POINT('',#1957);
#579=VERTEX_POINT('',#1959);
#580=VERTEX_POINT('',#1963);
#581=VERTEX_POINT('',#1965);
#582=VERTEX_POINT('',#1970);
#583=VERTEX_POINT('',#1972);
#584=VERTEX_POINT('',#1983);
#585=VERTEX_POINT('',#1984);
#586=VERTEX_POINT('',#1986);
#587=VERTEX_POINT('',#1988);
#588=VERTEX_POINT('',#1996);
#589=VERTEX_POINT('',#1997);
#590=VERTEX_POINT('',#2001);
#591=VERTEX_POINT('',#2003);
#592=VERTEX_POINT('',#2007);
#593=VERTEX_POINT('',#2008);
#594=VERTEX_POINT('',#2012);
#595=VERTEX_POINT('',#2014);
#596=VERTEX_POINT('',#2020);
#597=VERTEX_POINT('',#2021);
#598=VERTEX_POINT('',#2025);
#599=VERTEX_POINT('',#2027);
#600=VERTEX_POINT('',#2031);
#601=VERTEX_POINT('',#2032);
#602=VERTEX_POINT('',#2036);
#603=VERTEX_POINT('',#2038);
#604=VERTEX_POINT('',#2042);
#605=VERTEX_POINT('',#2043);
#606=VERTEX_POINT('',#2045);
#607=VERTEX_POINT('',#2047);
#608=VERTEX_POINT('',#2051);
#609=VERTEX_POINT('',#2052);
#610=VERTEX_POINT('',#2054);
#611=VERTEX_POINT('',#2056);
#612=VERTEX_POINT('',#2060);
#613=VERTEX_POINT('',#2062);
#614=VERTEX_POINT('',#2066);
#615=VERTEX_POINT('',#2068);
#616=VERTEX_POINT('',#2072);
#617=VERTEX_POINT('',#2074);
#618=VERTEX_POINT('',#2081);
#619=VERTEX_POINT('',#2083);
#620=VERTEX_POINT('',#2090);
#621=VERTEX_POINT('',#2097);
#622=EDGE_CURVE('',#504,#505,#232,.T.);
#623=EDGE_CURVE('',#504,#506,#233,.T.);
#624=EDGE_CURVE('',#507,#506,#234,.T.);
#625=EDGE_CURVE('',#505,#507,#235,.T.);
#626=EDGE_CURVE('',#508,#504,#35,.T.);
#627=EDGE_CURVE('',#508,#509,#236,.T.);
#628=EDGE_CURVE('',#510,#509,#36,.T.);
#629=EDGE_CURVE('',#511,#510,#37,.T.);
#630=EDGE_CURVE('',#506,#511,#38,.T.);
#631=EDGE_CURVE('',#505,#512,#237,.T.);
#632=EDGE_CURVE('',#513,#507,#238,.T.);
#633=EDGE_CURVE('',#514,#513,#239,.T.);
#634=EDGE_CURVE('',#514,#512,#240,.T.);
#635=EDGE_CURVE('',#515,#508,#241,.T.);
#636=EDGE_CURVE('',#515,#516,#242,.T.);
#637=EDGE_CURVE('',#509,#516,#243,.T.);
#638=EDGE_CURVE('',#517,#515,#244,.T.);
#639=EDGE_CURVE('',#517,#518,#245,.T.);
#640=EDGE_CURVE('',#519,#518,#246,.T.);
#641=EDGE_CURVE('',#516,#519,#247,.T.);
#642=EDGE_CURVE('',#520,#521,#248,.T.);
#643=EDGE_CURVE('',#521,#522,#249,.T.);
#644=EDGE_CURVE('',#522,#523,#250,.T.);
#645=EDGE_CURVE('',#512,#523,#251,.T.);
#646=EDGE_CURVE('',#520,#514,#252,.T.);
#647=EDGE_CURVE('',#511,#513,#39,.T.);
#648=EDGE_CURVE('',#519,#510,#40,.T.);
#649=EDGE_CURVE('',#518,#524,#253,.T.);
#650=EDGE_CURVE('',#524,#525,#254,.T.);
#651=EDGE_CURVE('',#525,#526,#255,.T.);
#652=EDGE_CURVE('',#526,#527,#256,.T.);
#653=EDGE_CURVE('',#528,#527,#257,.T.);
#654=EDGE_CURVE('',#528,#529,#258,.T.);
#655=EDGE_CURVE('',#529,#530,#259,.T.);
#656=EDGE_CURVE('',#530,#531,#260,.T.);
#657=EDGE_CURVE('',#531,#532,#261,.T.);
#658=EDGE_CURVE('',#532,#520,#262,.T.);
#659=EDGE_CURVE('',#533,#533,#41,.T.);
#660=EDGE_CURVE('',#534,#535,#263,.T.);
#661=EDGE_CURVE('',#536,#535,#264,.T.);
#662=EDGE_CURVE('',#537,#536,#265,.T.);
#663=EDGE_CURVE('',#537,#538,#266,.T.);
#664=EDGE_CURVE('',#538,#539,#267,.T.);
#665=EDGE_CURVE('',#524,#539,#268,.T.);
#666=EDGE_CURVE('',#534,#517,#269,.T.);
#667=EDGE_CURVE('',#540,#540,#42,.T.);
#668=EDGE_CURVE('',#540,#533,#270,.T.);
#669=EDGE_CURVE('',#537,#541,#271,.T.);
#670=EDGE_CURVE('',#542,#536,#272,.T.);
#671=EDGE_CURVE('',#541,#542,#273,.T.);
#672=EDGE_CURVE('',#535,#543,#274,.T.);
#673=EDGE_CURVE('',#543,#542,#275,.T.);
#674=EDGE_CURVE('',#544,#545,#276,.T.);
#675=EDGE_CURVE('',#545,#546,#277,.T.);
#676=EDGE_CURVE('',#546,#547,#278,.T.);
#677=EDGE_CURVE('',#547,#544,#279,.T.);
#678=EDGE_CURVE('',#548,#548,#43,.T.);
#679=EDGE_CURVE('',#548,#549,#280,.T.);
#680=EDGE_CURVE('',#549,#549,#44,.T.);
#681=EDGE_CURVE('',#550,#550,#45,.T.);
#682=EDGE_CURVE('',#550,#551,#281,.T.);
#683=EDGE_CURVE('',#551,#551,#46,.T.);
#684=EDGE_CURVE('',#552,#552,#47,.T.);
#685=EDGE_CURVE('',#552,#553,#282,.T.);
#686=EDGE_CURVE('',#553,#553,#48,.T.);
#687=EDGE_CURVE('',#554,#555,#283,.T.);
#688=EDGE_CURVE('',#556,#555,#284,.T.);
#689=EDGE_CURVE('',#556,#557,#285,.T.);
#690=EDGE_CURVE('',#554,#557,#286,.T.);
#691=EDGE_CURVE('',#558,#528,#49,.T.);
#692=EDGE_CURVE('',#558,#559,#287,.T.);
#693=EDGE_CURVE('',#529,#559,#50,.T.);
#694=EDGE_CURVE('',#560,#532,#51,.T.);
#695=EDGE_CURVE('',#531,#530,#52,.T.);
#696=EDGE_CURVE('',#559,#561,#288,.T.);
#697=EDGE_CURVE('',#562,#561,#53,.T.);
#698=EDGE_CURVE('',#562,#560,#289,.T.);
#699=EDGE_CURVE('',#563,#555,#290,.T.);
#700=EDGE_CURVE('',#564,#554,#291,.T.);
#701=EDGE_CURVE('',#565,#564,#292,.T.);
#702=EDGE_CURVE('',#565,#563,#293,.T.);
#703=EDGE_CURVE('',#566,#567,#294,.T.);
#704=EDGE_CURVE('',#566,#568,#295,.T.);
#705=EDGE_CURVE('',#568,#569,#296,.T.);
#706=EDGE_CURVE('',#569,#570,#297,.T.);
#707=EDGE_CURVE('',#567,#570,#298,.T.);
#708=EDGE_CURVE('',#556,#541,#299,.T.);
#709=EDGE_CURVE('',#523,#543,#300,.T.);
#710=EDGE_CURVE('',#557,#520,#301,.T.);
#711=EDGE_CURVE('',#555,#566,#302,.T.);
#712=EDGE_CURVE('',#568,#563,#303,.T.);
#713=EDGE_CURVE('',#539,#567,#304,.T.);
#714=EDGE_CURVE('',#566,#538,#305,.T.);
#715=EDGE_CURVE('',#571,#571,#54,.T.);
#716=EDGE_CURVE('',#572,#572,#55,.T.);
#717=EDGE_CURVE('',#560,#564,#306,.T.);
#718=EDGE_CURVE('',#573,#534,#307,.T.);
#719=EDGE_CURVE('',#574,#573,#56,.T.);
#720=EDGE_CURVE('',#575,#574,#308,.T.);
#721=EDGE_CURVE('',#576,#575,#57,.T.);
#722=EDGE_CURVE('',#523,#576,#309,.T.);
#723=EDGE_CURVE('',#570,#577,#310,.T.);
#724=EDGE_CURVE('',#525,#577,#58,.T.);
#725=EDGE_CURVE('',#575,#578,#311,.T.);
#726=EDGE_CURVE('',#578,#579,#59,.T.);
#727=EDGE_CURVE('',#576,#579,#312,.T.);
#728=EDGE_CURVE('',#577,#580,#313,.T.);
#729=EDGE_CURVE('',#581,#580,#60,.T.);
#730=EDGE_CURVE('',#581,#558,#314,.T.);
#731=EDGE_CURVE('',#527,#526,#61,.T.);
#732=EDGE_CURVE('',#582,#573,#315,.T.);
#733=EDGE_CURVE('',#582,#583,#62,.T.);
#734=EDGE_CURVE('',#574,#583,#316,.T.);
#735=EDGE_CURVE('',#579,#578,#317,.T.);
#736=EDGE_CURVE('',#583,#582,#318,.T.);
#737=EDGE_CURVE('',#565,#569,#319,.T.);
#738=EDGE_CURVE('',#561,#562,#320,.T.);
#739=EDGE_CURVE('',#580,#581,#321,.T.);
#740=EDGE_CURVE('',#584,#585,#322,.T.);
#741=EDGE_CURVE('',#585,#586,#323,.T.);
#742=EDGE_CURVE('',#586,#587,#324,.T.);
#743=EDGE_CURVE('',#587,#584,#325,.T.);
#744=EDGE_CURVE('',#588,#589,#63,.T.);
#745=EDGE_CURVE('',#588,#589,#326,.T.);
#746=EDGE_CURVE('',#589,#590,#327,.T.);
#747=EDGE_CURVE('',#591,#590,#328,.T.);
#748=EDGE_CURVE('',#591,#588,#329,.T.);
#749=EDGE_CURVE('',#592,#593,#64,.T.);
#750=EDGE_CURVE('',#592,#593,#330,.T.);
#751=EDGE_CURVE('',#593,#594,#331,.T.);
#752=EDGE_CURVE('',#595,#594,#332,.T.);
#753=EDGE_CURVE('',#595,#592,#333,.T.);
#754=EDGE_CURVE('',#596,#597,#65,.T.);
#755=EDGE_CURVE('',#596,#597,#334,.T.);
#756=EDGE_CURVE('',#597,#598,#335,.T.);
#757=EDGE_CURVE('',#599,#598,#336,.T.);
#758=EDGE_CURVE('',#599,#596,#337,.T.);
#759=EDGE_CURVE('',#600,#601,#66,.T.);
#760=EDGE_CURVE('',#600,#601,#338,.T.);
#761=EDGE_CURVE('',#601,#602,#339,.T.);
#762=EDGE_CURVE('',#603,#602,#340,.T.);
#763=EDGE_CURVE('',#603,#600,#341,.T.);
#764=EDGE_CURVE('',#604,#605,#342,.T.);
#765=EDGE_CURVE('',#604,#606,#343,.T.);
#766=EDGE_CURVE('',#607,#606,#344,.T.);
#767=EDGE_CURVE('',#607,#605,#345,.T.);
#768=EDGE_CURVE('',#608,#609,#346,.T.);
#769=EDGE_CURVE('',#608,#610,#347,.T.);
#770=EDGE_CURVE('',#611,#610,#348,.T.);
#771=EDGE_CURVE('',#611,#609,#349,.T.);
#772=EDGE_CURVE('',#612,#604,#67,.T.);
#773=EDGE_CURVE('',#613,#612,#350,.T.);
#774=EDGE_CURVE('',#606,#613,#351,.T.);
#775=EDGE_CURVE('',#609,#614,#68,.T.);
#776=EDGE_CURVE('',#615,#611,#352,.T.);
#777=EDGE_CURVE('',#614,#615,#353,.T.);
#778=EDGE_CURVE('',#605,#616,#69,.T.);
#779=EDGE_CURVE('',#617,#607,#354,.T.);
#780=EDGE_CURVE('',#617,#616,#355,.T.);
#781=EDGE_CURVE('',#616,#612,#356,.T.);
#782=EDGE_CURVE('',#613,#617,#357,.T.);
#783=EDGE_CURVE('',#614,#618,#358,.T.);
#784=EDGE_CURVE('',#619,#615,#359,.T.);
#785=EDGE_CURVE('',#618,#619,#360,.T.);
#786=EDGE_CURVE('',#618,#608,#70,.T.);
#787=EDGE_CURVE('',#610,#619,#361,.T.);
#788=EDGE_CURVE('',#620,#595,#71,.T.);
#789=EDGE_CURVE('',#620,#571,#362,.T.);
#790=EDGE_CURVE('',#602,#620,#72,.T.);
#791=EDGE_CURVE('',#594,#603,#73,.T.);
#792=EDGE_CURVE('',#621,#591,#74,.T.);
#793=EDGE_CURVE('',#621,#572,#363,.T.);
#794=EDGE_CURVE('',#598,#621,#75,.T.);
#795=EDGE_CURVE('',#590,#599,#76,.T.);
#796=EDGE_CURVE('',#584,#547,#364,.T.);
#797=EDGE_CURVE('',#587,#544,#365,.T.);
#798=EDGE_CURVE('',#586,#545,#366,.T.);
#799=EDGE_CURVE('',#585,#546,#367,.T.);
#800=ORIENTED_EDGE('',*,*,#622,.F.);
#801=ORIENTED_EDGE('',*,*,#623,.T.);
#802=ORIENTED_EDGE('',*,*,#624,.F.);
#803=ORIENTED_EDGE('',*,*,#625,.F.);
#804=ORIENTED_EDGE('',*,*,#626,.F.);
#805=ORIENTED_EDGE('',*,*,#627,.T.);
#806=ORIENTED_EDGE('',*,*,#628,.F.);
#807=ORIENTED_EDGE('',*,*,#629,.F.);
#808=ORIENTED_EDGE('',*,*,#630,.F.);
#809=ORIENTED_EDGE('',*,*,#623,.F.);
#810=ORIENTED_EDGE('',*,*,#631,.F.);
#811=ORIENTED_EDGE('',*,*,#625,.T.);
#812=ORIENTED_EDGE('',*,*,#632,.F.);
#813=ORIENTED_EDGE('',*,*,#633,.F.);
#814=ORIENTED_EDGE('',*,*,#634,.T.);
#815=ORIENTED_EDGE('',*,*,#635,.F.);
#816=ORIENTED_EDGE('',*,*,#636,.T.);
#817=ORIENTED_EDGE('',*,*,#637,.F.);
#818=ORIENTED_EDGE('',*,*,#627,.F.);
#819=ORIENTED_EDGE('',*,*,#638,.F.);
#820=ORIENTED_EDGE('',*,*,#639,.T.);
#821=ORIENTED_EDGE('',*,*,#640,.F.);
#822=ORIENTED_EDGE('',*,*,#641,.F.);
#823=ORIENTED_EDGE('',*,*,#636,.F.);
#824=ORIENTED_EDGE('',*,*,#642,.T.);
#825=ORIENTED_EDGE('',*,*,#643,.T.);
#826=ORIENTED_EDGE('',*,*,#644,.T.);
#827=ORIENTED_EDGE('',*,*,#645,.F.);
#828=ORIENTED_EDGE('',*,*,#634,.F.);
#829=ORIENTED_EDGE('',*,*,#646,.F.);
#830=ORIENTED_EDGE('',*,*,#646,.T.);
#831=ORIENTED_EDGE('',*,*,#633,.T.);
#832=ORIENTED_EDGE('',*,*,#647,.F.);
#833=ORIENTED_EDGE('',*,*,#629,.T.);
#834=ORIENTED_EDGE('',*,*,#648,.F.);
#835=ORIENTED_EDGE('',*,*,#640,.T.);
#836=ORIENTED_EDGE('',*,*,#649,.T.);
#837=ORIENTED_EDGE('',*,*,#650,.T.);
#838=ORIENTED_EDGE('',*,*,#651,.T.);
#839=ORIENTED_EDGE('',*,*,#652,.T.);
#840=ORIENTED_EDGE('',*,*,#653,.F.);
#841=ORIENTED_EDGE('',*,*,#654,.T.);
#842=ORIENTED_EDGE('',*,*,#655,.T.);
#843=ORIENTED_EDGE('',*,*,#656,.T.);
#844=ORIENTED_EDGE('',*,*,#657,.T.);
#845=ORIENTED_EDGE('',*,*,#658,.T.);
#846=ORIENTED_EDGE('',*,*,#659,.T.);
#847=ORIENTED_EDGE('',*,*,#660,.T.);
#848=ORIENTED_EDGE('',*,*,#661,.F.);
#849=ORIENTED_EDGE('',*,*,#662,.F.);
#850=ORIENTED_EDGE('',*,*,#663,.T.);
#851=ORIENTED_EDGE('',*,*,#664,.T.);
#852=ORIENTED_EDGE('',*,*,#665,.F.);
#853=ORIENTED_EDGE('',*,*,#649,.F.);
#854=ORIENTED_EDGE('',*,*,#639,.F.);
#855=ORIENTED_EDGE('',*,*,#666,.F.);
#856=ORIENTED_EDGE('',*,*,#667,.F.);
#857=ORIENTED_EDGE('',*,*,#668,.T.);
#858=ORIENTED_EDGE('',*,*,#659,.F.);
#859=ORIENTED_EDGE('',*,*,#668,.F.);
#860=ORIENTED_EDGE('',*,*,#628,.T.);
#861=ORIENTED_EDGE('',*,*,#637,.T.);
#862=ORIENTED_EDGE('',*,*,#641,.T.);
#863=ORIENTED_EDGE('',*,*,#648,.T.);
#864=ORIENTED_EDGE('',*,*,#632,.T.);
#865=ORIENTED_EDGE('',*,*,#624,.T.);
#866=ORIENTED_EDGE('',*,*,#630,.T.);
#867=ORIENTED_EDGE('',*,*,#647,.T.);
#868=ORIENTED_EDGE('',*,*,#669,.F.);
#869=ORIENTED_EDGE('',*,*,#662,.T.);
#870=ORIENTED_EDGE('',*,*,#670,.F.);
#871=ORIENTED_EDGE('',*,*,#671,.F.);
#872=ORIENTED_EDGE('',*,*,#670,.T.);
#873=ORIENTED_EDGE('',*,*,#661,.T.);
#874=ORIENTED_EDGE('',*,*,#672,.T.);
#875=ORIENTED_EDGE('',*,*,#673,.T.);
#876=ORIENTED_EDGE('',*,*,#674,.T.);
#877=ORIENTED_EDGE('',*,*,#675,.T.);
#878=ORIENTED_EDGE('',*,*,#676,.T.);
#879=ORIENTED_EDGE('',*,*,#677,.T.);
#880=ORIENTED_EDGE('',*,*,#678,.F.);
#881=ORIENTED_EDGE('',*,*,#679,.T.);
#882=ORIENTED_EDGE('',*,*,#680,.F.);
#883=ORIENTED_EDGE('',*,*,#679,.F.);
#884=ORIENTED_EDGE('',*,*,#681,.F.);
#885=ORIENTED_EDGE('',*,*,#682,.T.);
#886=ORIENTED_EDGE('',*,*,#683,.F.);
#887=ORIENTED_EDGE('',*,*,#682,.F.);
#888=ORIENTED_EDGE('',*,*,#684,.F.);
#889=ORIENTED_EDGE('',*,*,#685,.T.);
#890=ORIENTED_EDGE('',*,*,#686,.F.);
#891=ORIENTED_EDGE('',*,*,#685,.F.);
#892=ORIENTED_EDGE('',*,*,#687,.T.);
#893=ORIENTED_EDGE('',*,*,#688,.F.);
#894=ORIENTED_EDGE('',*,*,#689,.T.);
#895=ORIENTED_EDGE('',*,*,#690,.F.);
#896=ORIENTED_EDGE('',*,*,#691,.F.);
#897=ORIENTED_EDGE('',*,*,#692,.T.);
#898=ORIENTED_EDGE('',*,*,#693,.F.);
#899=ORIENTED_EDGE('',*,*,#654,.F.);
#900=ORIENTED_EDGE('',*,*,#694,.T.);
#901=ORIENTED_EDGE('',*,*,#657,.F.);
#902=ORIENTED_EDGE('',*,*,#695,.T.);
#903=ORIENTED_EDGE('',*,*,#655,.F.);
#904=ORIENTED_EDGE('',*,*,#693,.T.);
#905=ORIENTED_EDGE('',*,*,#696,.T.);
#906=ORIENTED_EDGE('',*,*,#697,.F.);
#907=ORIENTED_EDGE('',*,*,#698,.T.);
#908=ORIENTED_EDGE('',*,*,#699,.T.);
#909=ORIENTED_EDGE('',*,*,#687,.F.);
#910=ORIENTED_EDGE('',*,*,#700,.F.);
#911=ORIENTED_EDGE('',*,*,#701,.F.);
#912=ORIENTED_EDGE('',*,*,#702,.T.);
#913=ORIENTED_EDGE('',*,*,#703,.F.);
#914=ORIENTED_EDGE('',*,*,#704,.T.);
#915=ORIENTED_EDGE('',*,*,#705,.T.);
#916=ORIENTED_EDGE('',*,*,#706,.T.);
#917=ORIENTED_EDGE('',*,*,#707,.F.);
#918=ORIENTED_EDGE('',*,*,#689,.F.);
#919=ORIENTED_EDGE('',*,*,#708,.T.);
#920=ORIENTED_EDGE('',*,*,#671,.T.);
#921=ORIENTED_EDGE('',*,*,#673,.F.);
#922=ORIENTED_EDGE('',*,*,#709,.F.);
#923=ORIENTED_EDGE('',*,*,#644,.F.);
#924=ORIENTED_EDGE('',*,*,#643,.F.);
#925=ORIENTED_EDGE('',*,*,#642,.F.);
#926=ORIENTED_EDGE('',*,*,#710,.F.);
#927=ORIENTED_EDGE('',*,*,#711,.F.);
#928=ORIENTED_EDGE('',*,*,#699,.F.);
#929=ORIENTED_EDGE('',*,*,#712,.F.);
#930=ORIENTED_EDGE('',*,*,#704,.F.);
#931=ORIENTED_EDGE('',*,*,#678,.T.);
#932=ORIENTED_EDGE('',*,*,#681,.T.);
#933=ORIENTED_EDGE('',*,*,#684,.T.);
#934=ORIENTED_EDGE('',*,*,#703,.T.);
#935=ORIENTED_EDGE('',*,*,#713,.F.);
#936=ORIENTED_EDGE('',*,*,#664,.F.);
#937=ORIENTED_EDGE('',*,*,#714,.F.);
#938=ORIENTED_EDGE('',*,*,#708,.F.);
#939=ORIENTED_EDGE('',*,*,#688,.T.);
#940=ORIENTED_EDGE('',*,*,#711,.T.);
#941=ORIENTED_EDGE('',*,*,#714,.T.);
#942=ORIENTED_EDGE('',*,*,#663,.F.);
#943=ORIENTED_EDGE('',*,*,#669,.T.);
#944=ORIENTED_EDGE('',*,*,#715,.T.);
#945=ORIENTED_EDGE('',*,*,#716,.T.);
#946=ORIENTED_EDGE('',*,*,#658,.F.);
#947=ORIENTED_EDGE('',*,*,#694,.F.);
#948=ORIENTED_EDGE('',*,*,#717,.T.);
#949=ORIENTED_EDGE('',*,*,#700,.T.);
#950=ORIENTED_EDGE('',*,*,#690,.T.);
#951=ORIENTED_EDGE('',*,*,#710,.T.);
#952=ORIENTED_EDGE('',*,*,#718,.F.);
#953=ORIENTED_EDGE('',*,*,#719,.F.);
#954=ORIENTED_EDGE('',*,*,#720,.F.);
#955=ORIENTED_EDGE('',*,*,#721,.F.);
#956=ORIENTED_EDGE('',*,*,#722,.F.);
#957=ORIENTED_EDGE('',*,*,#709,.T.);
#958=ORIENTED_EDGE('',*,*,#672,.F.);
#959=ORIENTED_EDGE('',*,*,#660,.F.);
#960=ORIENTED_EDGE('',*,*,#650,.F.);
#961=ORIENTED_EDGE('',*,*,#665,.T.);
#962=ORIENTED_EDGE('',*,*,#713,.T.);
#963=ORIENTED_EDGE('',*,*,#707,.T.);
#964=ORIENTED_EDGE('',*,*,#723,.T.);
#965=ORIENTED_EDGE('',*,*,#724,.F.);
#966=ORIENTED_EDGE('',*,*,#721,.T.);
#967=ORIENTED_EDGE('',*,*,#725,.T.);
#968=ORIENTED_EDGE('',*,*,#726,.T.);
#969=ORIENTED_EDGE('',*,*,#727,.F.);
#970=ORIENTED_EDGE('',*,*,#728,.T.);
#971=ORIENTED_EDGE('',*,*,#729,.F.);
#972=ORIENTED_EDGE('',*,*,#730,.T.);
#973=ORIENTED_EDGE('',*,*,#691,.T.);
#974=ORIENTED_EDGE('',*,*,#653,.T.);
#975=ORIENTED_EDGE('',*,*,#731,.T.);
#976=ORIENTED_EDGE('',*,*,#651,.F.);
#977=ORIENTED_EDGE('',*,*,#724,.T.);
#978=ORIENTED_EDGE('',*,*,#719,.T.);
#979=ORIENTED_EDGE('',*,*,#732,.F.);
#980=ORIENTED_EDGE('',*,*,#733,.T.);
#981=ORIENTED_EDGE('',*,*,#734,.F.);
#982=ORIENTED_EDGE('',*,*,#622,.T.);
#983=ORIENTED_EDGE('',*,*,#631,.T.);
#984=ORIENTED_EDGE('',*,*,#645,.T.);
#985=ORIENTED_EDGE('',*,*,#722,.T.);
#986=ORIENTED_EDGE('',*,*,#727,.T.);
#987=ORIENTED_EDGE('',*,*,#735,.T.);
#988=ORIENTED_EDGE('',*,*,#725,.F.);
#989=ORIENTED_EDGE('',*,*,#720,.T.);
#990=ORIENTED_EDGE('',*,*,#734,.T.);
#991=ORIENTED_EDGE('',*,*,#736,.T.);
#992=ORIENTED_EDGE('',*,*,#732,.T.);
#993=ORIENTED_EDGE('',*,*,#718,.T.);
#994=ORIENTED_EDGE('',*,*,#666,.T.);
#995=ORIENTED_EDGE('',*,*,#638,.T.);
#996=ORIENTED_EDGE('',*,*,#635,.T.);
#997=ORIENTED_EDGE('',*,*,#626,.T.);
#998=ORIENTED_EDGE('',*,*,#667,.T.);
#999=ORIENTED_EDGE('',*,*,#712,.T.);
#1000=ORIENTED_EDGE('',*,*,#702,.F.);
#1001=ORIENTED_EDGE('',*,*,#737,.T.);
#1002=ORIENTED_EDGE('',*,*,#705,.F.);
#1003=ORIENTED_EDGE('',*,*,#698,.F.);
#1004=ORIENTED_EDGE('',*,*,#738,.F.);
#1005=ORIENTED_EDGE('',*,*,#696,.F.);
#1006=ORIENTED_EDGE('',*,*,#692,.F.);
#1007=ORIENTED_EDGE('',*,*,#730,.F.);
#1008=ORIENTED_EDGE('',*,*,#739,.F.);
#1009=ORIENTED_EDGE('',*,*,#728,.F.);
#1010=ORIENTED_EDGE('',*,*,#723,.F.);
#1011=ORIENTED_EDGE('',*,*,#706,.F.);
#1012=ORIENTED_EDGE('',*,*,#737,.F.);
#1013=ORIENTED_EDGE('',*,*,#701,.T.);
#1014=ORIENTED_EDGE('',*,*,#717,.F.);
#1015=ORIENTED_EDGE('',*,*,#740,.T.);
#1016=ORIENTED_EDGE('',*,*,#741,.T.);
#1017=ORIENTED_EDGE('',*,*,#742,.T.);
#1018=ORIENTED_EDGE('',*,*,#743,.T.);
#1019=ORIENTED_EDGE('',*,*,#680,.T.);
#1020=ORIENTED_EDGE('',*,*,#683,.T.);
#1021=ORIENTED_EDGE('',*,*,#686,.T.);
#1022=ORIENTED_EDGE('',*,*,#738,.T.);
#1023=ORIENTED_EDGE('',*,*,#697,.T.);
#1024=ORIENTED_EDGE('',*,*,#739,.T.);
#1025=ORIENTED_EDGE('',*,*,#729,.T.);
#1026=ORIENTED_EDGE('',*,*,#695,.F.);
#1027=ORIENTED_EDGE('',*,*,#656,.F.);
#1028=ORIENTED_EDGE('',*,*,#731,.F.);
#1029=ORIENTED_EDGE('',*,*,#652,.F.);
#1030=ORIENTED_EDGE('',*,*,#744,.T.);
#1031=ORIENTED_EDGE('',*,*,#745,.F.);
#1032=ORIENTED_EDGE('',*,*,#745,.T.);
#1033=ORIENTED_EDGE('',*,*,#746,.T.);
#1034=ORIENTED_EDGE('',*,*,#747,.F.);
#1035=ORIENTED_EDGE('',*,*,#748,.T.);
#1036=ORIENTED_EDGE('',*,*,#749,.T.);
#1037=ORIENTED_EDGE('',*,*,#750,.F.);
#1038=ORIENTED_EDGE('',*,*,#750,.T.);
#1039=ORIENTED_EDGE('',*,*,#751,.T.);
#1040=ORIENTED_EDGE('',*,*,#752,.F.);
#1041=ORIENTED_EDGE('',*,*,#753,.T.);
#1042=ORIENTED_EDGE('',*,*,#726,.F.);
#1043=ORIENTED_EDGE('',*,*,#735,.F.);
#1044=ORIENTED_EDGE('',*,*,#733,.F.);
#1045=ORIENTED_EDGE('',*,*,#736,.F.);
#1046=ORIENTED_EDGE('',*,*,#754,.T.);
#1047=ORIENTED_EDGE('',*,*,#755,.F.);
#1048=ORIENTED_EDGE('',*,*,#755,.T.);
#1049=ORIENTED_EDGE('',*,*,#756,.T.);
#1050=ORIENTED_EDGE('',*,*,#757,.F.);
#1051=ORIENTED_EDGE('',*,*,#758,.T.);
#1052=ORIENTED_EDGE('',*,*,#759,.T.);
#1053=ORIENTED_EDGE('',*,*,#760,.F.);
#1054=ORIENTED_EDGE('',*,*,#760,.T.);
#1055=ORIENTED_EDGE('',*,*,#761,.T.);
#1056=ORIENTED_EDGE('',*,*,#762,.F.);
#1057=ORIENTED_EDGE('',*,*,#763,.T.);
#1058=ORIENTED_EDGE('',*,*,#764,.F.);
#1059=ORIENTED_EDGE('',*,*,#765,.T.);
#1060=ORIENTED_EDGE('',*,*,#766,.F.);
#1061=ORIENTED_EDGE('',*,*,#767,.T.);
#1062=ORIENTED_EDGE('',*,*,#768,.F.);
#1063=ORIENTED_EDGE('',*,*,#769,.T.);
#1064=ORIENTED_EDGE('',*,*,#770,.F.);
#1065=ORIENTED_EDGE('',*,*,#771,.T.);
#1066=ORIENTED_EDGE('',*,*,#772,.F.);
#1067=ORIENTED_EDGE('',*,*,#773,.F.);
#1068=ORIENTED_EDGE('',*,*,#774,.F.);
#1069=ORIENTED_EDGE('',*,*,#765,.F.);
#1070=ORIENTED_EDGE('',*,*,#775,.F.);
#1071=ORIENTED_EDGE('',*,*,#771,.F.);
#1072=ORIENTED_EDGE('',*,*,#776,.F.);
#1073=ORIENTED_EDGE('',*,*,#777,.F.);
#1074=ORIENTED_EDGE('',*,*,#778,.F.);
#1075=ORIENTED_EDGE('',*,*,#767,.F.);
#1076=ORIENTED_EDGE('',*,*,#779,.F.);
#1077=ORIENTED_EDGE('',*,*,#780,.T.);
#1078=ORIENTED_EDGE('',*,*,#781,.F.);
#1079=ORIENTED_EDGE('',*,*,#780,.F.);
#1080=ORIENTED_EDGE('',*,*,#782,.F.);
#1081=ORIENTED_EDGE('',*,*,#773,.T.);
#1082=ORIENTED_EDGE('',*,*,#783,.F.);
#1083=ORIENTED_EDGE('',*,*,#777,.T.);
#1084=ORIENTED_EDGE('',*,*,#784,.F.);
#1085=ORIENTED_EDGE('',*,*,#785,.F.);
#1086=ORIENTED_EDGE('',*,*,#786,.F.);
#1087=ORIENTED_EDGE('',*,*,#785,.T.);
#1088=ORIENTED_EDGE('',*,*,#787,.F.);
#1089=ORIENTED_EDGE('',*,*,#769,.F.);
#1090=ORIENTED_EDGE('',*,*,#751,.F.);
#1091=ORIENTED_EDGE('',*,*,#749,.F.);
#1092=ORIENTED_EDGE('',*,*,#753,.F.);
#1093=ORIENTED_EDGE('',*,*,#788,.F.);
#1094=ORIENTED_EDGE('',*,*,#789,.T.);
#1095=ORIENTED_EDGE('',*,*,#715,.F.);
#1096=ORIENTED_EDGE('',*,*,#789,.F.);
#1097=ORIENTED_EDGE('',*,*,#790,.F.);
#1098=ORIENTED_EDGE('',*,*,#761,.F.);
#1099=ORIENTED_EDGE('',*,*,#759,.F.);
#1100=ORIENTED_EDGE('',*,*,#763,.F.);
#1101=ORIENTED_EDGE('',*,*,#791,.F.);
#1102=ORIENTED_EDGE('',*,*,#783,.T.);
#1103=ORIENTED_EDGE('',*,*,#786,.T.);
#1104=ORIENTED_EDGE('',*,*,#768,.T.);
#1105=ORIENTED_EDGE('',*,*,#775,.T.);
#1106=ORIENTED_EDGE('',*,*,#791,.T.);
#1107=ORIENTED_EDGE('',*,*,#762,.T.);
#1108=ORIENTED_EDGE('',*,*,#790,.T.);
#1109=ORIENTED_EDGE('',*,*,#788,.T.);
#1110=ORIENTED_EDGE('',*,*,#752,.T.);
#1111=ORIENTED_EDGE('',*,*,#746,.F.);
#1112=ORIENTED_EDGE('',*,*,#744,.F.);
#1113=ORIENTED_EDGE('',*,*,#748,.F.);
#1114=ORIENTED_EDGE('',*,*,#792,.F.);
#1115=ORIENTED_EDGE('',*,*,#793,.T.);
#1116=ORIENTED_EDGE('',*,*,#716,.F.);
#1117=ORIENTED_EDGE('',*,*,#793,.F.);
#1118=ORIENTED_EDGE('',*,*,#794,.F.);
#1119=ORIENTED_EDGE('',*,*,#756,.F.);
#1120=ORIENTED_EDGE('',*,*,#754,.F.);
#1121=ORIENTED_EDGE('',*,*,#758,.F.);
#1122=ORIENTED_EDGE('',*,*,#795,.F.);
#1123=ORIENTED_EDGE('',*,*,#781,.T.);
#1124=ORIENTED_EDGE('',*,*,#772,.T.);
#1125=ORIENTED_EDGE('',*,*,#764,.T.);
#1126=ORIENTED_EDGE('',*,*,#778,.T.);
#1127=ORIENTED_EDGE('',*,*,#795,.T.);
#1128=ORIENTED_EDGE('',*,*,#757,.T.);
#1129=ORIENTED_EDGE('',*,*,#794,.T.);
#1130=ORIENTED_EDGE('',*,*,#792,.T.);
#1131=ORIENTED_EDGE('',*,*,#747,.T.);
#1132=ORIENTED_EDGE('',*,*,#796,.F.);
#1133=ORIENTED_EDGE('',*,*,#743,.F.);
#1134=ORIENTED_EDGE('',*,*,#797,.T.);
#1135=ORIENTED_EDGE('',*,*,#677,.F.);
#1136=ORIENTED_EDGE('',*,*,#782,.T.);
#1137=ORIENTED_EDGE('',*,*,#779,.T.);
#1138=ORIENTED_EDGE('',*,*,#766,.T.);
#1139=ORIENTED_EDGE('',*,*,#774,.T.);
#1140=ORIENTED_EDGE('',*,*,#797,.F.);
#1141=ORIENTED_EDGE('',*,*,#742,.F.);
#1142=ORIENTED_EDGE('',*,*,#798,.T.);
#1143=ORIENTED_EDGE('',*,*,#674,.F.);
#1144=ORIENTED_EDGE('',*,*,#798,.F.);
#1145=ORIENTED_EDGE('',*,*,#741,.F.);
#1146=ORIENTED_EDGE('',*,*,#799,.T.);
#1147=ORIENTED_EDGE('',*,*,#675,.F.);
#1148=ORIENTED_EDGE('',*,*,#784,.T.);
#1149=ORIENTED_EDGE('',*,*,#776,.T.);
#1150=ORIENTED_EDGE('',*,*,#770,.T.);
#1151=ORIENTED_EDGE('',*,*,#787,.T.);
#1152=ORIENTED_EDGE('',*,*,#799,.F.);
#1153=ORIENTED_EDGE('',*,*,#740,.F.);
#1154=ORIENTED_EDGE('',*,*,#796,.T.);
#1155=ORIENTED_EDGE('',*,*,#676,.F.);
#1156=PLANE('',#1288);
#1157=PLANE('',#1294);
#1158=PLANE('',#1295);
#1159=PLANE('',#1296);
#1160=PLANE('',#1297);
#1161=PLANE('',#1298);
#1162=PLANE('',#1302);
#1163=PLANE('',#1305);
#1164=PLANE('',#1306);
#1165=PLANE('',#1307);
#1166=PLANE('',#1308);
#1167=PLANE('',#1318);
#1168=PLANE('',#1319);
#1169=PLANE('',#1326);
#1170=PLANE('',#1327);
#1171=PLANE('',#1328);
#1172=PLANE('',#1329);
#1173=PLANE('',#1330);
#1174=PLANE('',#1331);
#1175=PLANE('',#1334);
#1176=PLANE('',#1335);
#1177=PLANE('',#1338);
#1178=PLANE('',#1347);
#1179=PLANE('',#1348);
#1180=PLANE('',#1349);
#1181=PLANE('',#1350);
#1182=PLANE('',#1351);
#1183=PLANE('',#1352);
#1184=PLANE('',#1353);
#1185=PLANE('',#1354);
#1186=PLANE('',#1356);
#1187=PLANE('',#1357);
#1188=PLANE('',#1359);
#1189=PLANE('',#1360);
#1190=PLANE('',#1361);
#1191=PLANE('',#1362);
#1192=PLANE('',#1364);
#1193=PLANE('',#1365);
#1194=PLANE('',#1367);
#1195=PLANE('',#1368);
#1196=PLANE('',#1369);
#1197=PLANE('',#1370);
#1198=PLANE('',#1372);
#1199=PLANE('',#1374);
#1200=PLANE('',#1376);
#1201=PLANE('',#1377);
#1202=PLANE('',#1378);
#1203=PLANE('',#1384);
#1204=PLANE('',#1389);
#1205=PLANE('',#1390);
#1206=PLANE('',#1391);
#1207=PLANE('',#1392);
#1208=PLANE('',#1393);
#1209=ADVANCED_FACE('',(#88),#1156,.T.);
#1210=ADVANCED_FACE('',(#89),#77,.T.);
#1211=ADVANCED_FACE('',(#90),#1157,.F.);
#1212=ADVANCED_FACE('',(#91),#1158,.T.);
#1213=ADVANCED_FACE('',(#92),#1159,.F.);
#1214=ADVANCED_FACE('',(#93),#1160,.F.);
#1215=ADVANCED_FACE('',(#94,#19),#1161,.F.);
#1216=ADVANCED_FACE('',(#95),#1162,.T.);
#1217=ADVANCED_FACE('',(#96),#78,.F.);
#1218=ADVANCED_FACE('',(#97),#1163,.F.);
#1219=ADVANCED_FACE('',(#98),#1164,.F.);
#1220=ADVANCED_FACE('',(#99),#1165,.T.);
#1221=ADVANCED_FACE('',(#100,#20),#1166,.T.);
#1222=ADVANCED_FACE('',(#101),#79,.F.);
#1223=ADVANCED_FACE('',(#102),#80,.F.);
#1224=ADVANCED_FACE('',(#103),#81,.F.);
#1225=ADVANCED_FACE('',(#104),#1167,.T.);
#1226=ADVANCED_FACE('',(#105),#1168,.T.);
#1227=ADVANCED_FACE('',(#106),#82,.T.);
#1228=ADVANCED_FACE('',(#107),#1169,.T.);
#1229=ADVANCED_FACE('',(#108),#1170,.T.);
#1230=ADVANCED_FACE('',(#109),#1171,.T.);
#1231=ADVANCED_FACE('',(#110,#21,#22,#23),#1172,.F.);
#1232=ADVANCED_FACE('',(#111),#1173,.T.);
#1233=ADVANCED_FACE('',(#112,#24,#25),#1174,.T.);
#1234=ADVANCED_FACE('',(#113),#1175,.F.);
#1235=ADVANCED_FACE('',(#114),#1176,.F.);
#1236=ADVANCED_FACE('',(#115),#1177,.F.);
#1237=ADVANCED_FACE('',(#116),#83,.T.);
#1238=ADVANCED_FACE('',(#117),#84,.T.);
#1239=ADVANCED_FACE('',(#118),#85,.T.);
#1240=ADVANCED_FACE('',(#119,#26),#1178,.T.);
#1241=ADVANCED_FACE('',(#120),#1179,.T.);
#1242=ADVANCED_FACE('',(#121,#27,#28,#29,#30),#1180,.T.);
#1243=ADVANCED_FACE('',(#122),#1181,.T.);
#1244=ADVANCED_FACE('',(#123),#1182,.T.);
#1245=ADVANCED_FACE('',(#124),#1183,.T.);
#1246=ADVANCED_FACE('',(#125),#1184,.T.);
#1247=ADVANCED_FACE('',(#126),#1185,.F.);
#1248=ADVANCED_FACE('',(#127),#1186,.F.);
#1249=ADVANCED_FACE('',(#128),#1187,.F.);
#1250=ADVANCED_FACE('',(#129),#1188,.F.);
#1251=ADVANCED_FACE('',(#130),#1189,.T.);
#1252=ADVANCED_FACE('',(#131),#1190,.T.);
#1253=ADVANCED_FACE('',(#132),#1191,.F.);
#1254=ADVANCED_FACE('',(#133),#1192,.T.);
#1255=ADVANCED_FACE('',(#134),#1193,.F.);
#1256=ADVANCED_FACE('',(#135),#1194,.T.);
#1257=ADVANCED_FACE('',(#136),#1195,.F.);
#1258=ADVANCED_FACE('',(#137),#1196,.F.);
#1259=ADVANCED_FACE('',(#138),#1197,.F.);
#1260=ADVANCED_FACE('',(#139),#1198,.F.);
#1261=ADVANCED_FACE('',(#140),#1199,.F.);
#1262=ADVANCED_FACE('',(#141),#1200,.F.);
#1263=ADVANCED_FACE('',(#142),#1201,.F.);
#1264=ADVANCED_FACE('',(#143),#1202,.F.);
#1265=ADVANCED_FACE('',(#144,#31),#86,.F.);
#1266=ADVANCED_FACE('',(#145),#1203,.T.);
#1267=ADVANCED_FACE('',(#146,#32),#87,.F.);
#1268=ADVANCED_FACE('',(#147),#1204,.T.);
#1269=ADVANCED_FACE('',(#148,#33),#1205,.T.);
#1270=ADVANCED_FACE('',(#149),#1206,.T.);
#1271=ADVANCED_FACE('',(#150,#34),#1207,.T.);
#1272=ADVANCED_FACE('',(#151),#1208,.T.);
#1273=CLOSED_SHELL('',(#1209,#1210,#1211,#1212,#1213,#1214,#1215,#1216,
#1217,#1218,#1219,#1220,#1221,#1222,#1223,#1224,#1225,#1226,#1227,#1228,
#1229,#1230,#1231,#1232,#1233,#1234,#1235,#1236,#1237,#1238,#1239,#1240,
#1241,#1242,#1243,#1244,#1245,#1246,#1247,#1248,#1249,#1250,#1251,#1252,
#1253,#1254,#1255,#1256,#1257,#1258,#1259,#1260,#1261,#1262,#1263,#1264,
#1265,#1266,#1267,#1268,#1269,#1270,#1271,#1272));
#1274=DERIVED_UNIT_ELEMENT(#1276,1.);
#1275=DERIVED_UNIT_ELEMENT(#2119,-3.);
#1276=(
MASS_UNIT()
NAMED_UNIT(*)
SI_UNIT(.KILO.,.GRAM.)
);
#1277=DERIVED_UNIT((#1274,#1275));
#1278=MEASURE_REPRESENTATION_ITEM('density measure',
POSITIVE_RATIO_MEASURE(7850.),#1277);
#1279=PROPERTY_DEFINITION_REPRESENTATION(#1284,#1281);
#1280=PROPERTY_DEFINITION_REPRESENTATION(#1285,#1282);
#1281=REPRESENTATION('material name',(#1283),#2116);
#1282=REPRESENTATION('density',(#1278),#2116);
#1283=DESCRIPTIVE_REPRESENTATION_ITEM('Steel','Steel');
#1284=PROPERTY_DEFINITION('material property','material name',#2131);
#1285=PROPERTY_DEFINITION('material property','density of part',#2131);
#1286=AXIS2_PLACEMENT_3D('',#1749,#1395,#1396);
#1287=AXIS2_PLACEMENT_3D('',#1750,#1397,#1398);
#1288=AXIS2_PLACEMENT_3D('',#1751,#1399,#1400);
#1289=AXIS2_PLACEMENT_3D('',#1760,#1405,#1406);
#1290=AXIS2_PLACEMENT_3D('',#1762,#1407,#1408);
#1291=AXIS2_PLACEMENT_3D('',#1766,#1410,#1411);
#1292=AXIS2_PLACEMENT_3D('',#1768,#1412,#1413);
#1293=AXIS2_PLACEMENT_3D('',#1769,#1414,#1415);
#1294=AXIS2_PLACEMENT_3D('',#1770,#1416,#1417);
#1295=AXIS2_PLACEMENT_3D('',#1778,#1422,#1423);
#1296=AXIS2_PLACEMENT_3D('',#1784,#1427,#1428);
#1297=AXIS2_PLACEMENT_3D('',#1792,#1433,#1434);
#1298=AXIS2_PLACEMENT_3D('',#1802,#1440,#1441);
#1299=AXIS2_PLACEMENT_3D('',#1803,#1442,#1443);
#1300=AXIS2_PLACEMENT_3D('',#1804,#1444,#1445);
#1301=AXIS2_PLACEMENT_3D('',#1825,#1456,#1457);
#1302=AXIS2_PLACEMENT_3D('',#1826,#1458,#1459);
#1303=AXIS2_PLACEMENT_3D('',#1840,#1467,#1468);
#1304=AXIS2_PLACEMENT_3D('',#1842,#1469,#1470);
#1305=AXIS2_PLACEMENT_3D('',#1844,#1472,#1473);
#1306=AXIS2_PLACEMENT_3D('',#1845,#1474,#1475);
#1307=AXIS2_PLACEMENT_3D('',#1846,#1476,#1477);
#1308=AXIS2_PLACEMENT_3D('',#1852,#1481,#1482);
#1309=AXIS2_PLACEMENT_3D('',#1864,#1489,#1490);
#1310=AXIS2_PLACEMENT_3D('',#1866,#1491,#1492);
#1311=AXIS2_PLACEMENT_3D('',#1869,#1494,#1495);
#1312=AXIS2_PLACEMENT_3D('',#1870,#1496,#1497);
#1313=AXIS2_PLACEMENT_3D('',#1872,#1498,#1499);
#1314=AXIS2_PLACEMENT_3D('',#1875,#1501,#1502);
#1315=AXIS2_PLACEMENT_3D('',#1876,#1503,#1504);
#1316=AXIS2_PLACEMENT_3D('',#1878,#1505,#1506);
#1317=AXIS2_PLACEMENT_3D('',#1881,#1508,#1509);
#1318=AXIS2_PLACEMENT_3D('',#1882,#1510,#1511);
#1319=AXIS2_PLACEMENT_3D('',#1891,#1516,#1517);
#1320=AXIS2_PLACEMENT_3D('',#1893,#1518,#1519);
#1321=AXIS2_PLACEMENT_3D('',#1896,#1521,#1522);
#1322=AXIS2_PLACEMENT_3D('',#1897,#1523,#1524);
#1323=AXIS2_PLACEMENT_3D('',#1899,#1525,#1526);
#1324=AXIS2_PLACEMENT_3D('',#1900,#1527,#1528);
#1325=AXIS2_PLACEMENT_3D('',#1904,#1530,#1531);
#1326=AXIS2_PLACEMENT_3D('',#1906,#1533,#1534);
#1327=AXIS2_PLACEMENT_3D('',#1914,#1539,#1540);
#1328=AXIS2_PLACEMENT_3D('',#1925,#1546,#1547);
#1329=AXIS2_PLACEMENT_3D('',#1929,#1551,#1552);
#1330=AXIS2_PLACEMENT_3D('',#1932,#1555,#1556);
#1331=AXIS2_PLACEMENT_3D('',#1935,#1559,#1560);
#1332=AXIS2_PLACEMENT_3D('',#1937,#1561,#1562);
#1333=AXIS2_PLACEMENT_3D('',#1939,#1563,#1564);
#1334=AXIS2_PLACEMENT_3D('',#1940,#1565,#1566);
#1335=AXIS2_PLACEMENT_3D('',#1942,#1568,#1569);
#1336=AXIS2_PLACEMENT_3D('',#1946,#1571,#1572);
#1337=AXIS2_PLACEMENT_3D('',#1950,#1574,#1575);
#1338=AXIS2_PLACEMENT_3D('',#1952,#1577,#1578);
#1339=AXIS2_PLACEMENT_3D('',#1955,#1580,#1581);
#1340=AXIS2_PLACEMENT_3D('',#1956,#1582,#1583);
#1341=AXIS2_PLACEMENT_3D('',#1960,#1585,#1586);
#1342=AXIS2_PLACEMENT_3D('',#1962,#1588,#1589);
#1343=AXIS2_PLACEMENT_3D('',#1966,#1591,#1592);
#1344=AXIS2_PLACEMENT_3D('',#1968,#1594,#1595);
#1345=AXIS2_PLACEMENT_3D('',#1969,#1596,#1597);
#1346=AXIS2_PLACEMENT_3D('',#1973,#1599,#1600);
#1347=AXIS2_PLACEMENT_3D('',#1975,#1602,#1603);
#1348=AXIS2_PLACEMENT_3D('',#1978,#1606,#1607);
#1349=AXIS2_PLACEMENT_3D('',#1980,#1609,#1610);
#1350=AXIS2_PLACEMENT_3D('',#1991,#1617,#1618);
#1351=AXIS2_PLACEMENT_3D('',#1992,#1619,#1620);
#1352=AXIS2_PLACEMENT_3D('',#1993,#1621,#1622);
#1353=AXIS2_PLACEMENT_3D('',#1994,#1623,#1624);
#1354=AXIS2_PLACEMENT_3D('',#1995,#1625,#1626);
#1355=AXIS2_PLACEMENT_3D('',#1998,#1627,#1628);
#1356=AXIS2_PLACEMENT_3D('',#2000,#1630,#1631);
#1357=AXIS2_PLACEMENT_3D('',#2006,#1635,#1636);
#1358=AXIS2_PLACEMENT_3D('',#2009,#1637,#1638);
#1359=AXIS2_PLACEMENT_3D('',#2011,#1640,#1641);
#1360=AXIS2_PLACEMENT_3D('',#2017,#1645,#1646);
#1361=AXIS2_PLACEMENT_3D('',#2018,#1647,#1648);
#1362=AXIS2_PLACEMENT_3D('',#2019,#1649,#1650);
#1363=AXIS2_PLACEMENT_3D('',#2022,#1651,#1652);
#1364=AXIS2_PLACEMENT_3D('',#2024,#1654,#1655);
#1365=AXIS2_PLACEMENT_3D('',#2030,#1659,#1660);
#1366=AXIS2_PLACEMENT_3D('',#2033,#1661,#1662);
#1367=AXIS2_PLACEMENT_3D('',#2035,#1664,#1665);
#1368=AXIS2_PLACEMENT_3D('',#2041,#1669,#1670);
#1369=AXIS2_PLACEMENT_3D('',#2050,#1675,#1676);
#1370=AXIS2_PLACEMENT_3D('',#2059,#1681,#1682);
#1371=AXIS2_PLACEMENT_3D('',#2061,#1683,#1684);
#1372=AXIS2_PLACEMENT_3D('',#2065,#1687,#1688);
#1373=AXIS2_PLACEMENT_3D('',#2067,#1689,#1690);
#1374=AXIS2_PLACEMENT_3D('',#2071,#1693,#1694);
#1375=AXIS2_PLACEMENT_3D('',#2073,#1695,#1696);
#1376=AXIS2_PLACEMENT_3D('',#2077,#1699,#1700);
#1377=AXIS2_PLACEMENT_3D('',#2080,#1703,#1704);
#1378=AXIS2_PLACEMENT_3D('',#2086,#1708,#1709);
#1379=AXIS2_PLACEMENT_3D('',#2087,#1710,#1711);
#1380=AXIS2_PLACEMENT_3D('',#2089,#1713,#1714);
#1381=AXIS2_PLACEMENT_3D('',#2091,#1715,#1716);
#1382=AXIS2_PLACEMENT_3D('',#2093,#1718,#1719);
#1383=AXIS2_PLACEMENT_3D('',#2094,#1720,#1721);
#1384=AXIS2_PLACEMENT_3D('',#2095,#1722,#1723);
#1385=AXIS2_PLACEMENT_3D('',#2096,#1724,#1725);
#1386=AXIS2_PLACEMENT_3D('',#2098,#1726,#1727);
#1387=AXIS2_PLACEMENT_3D('',#2100,#1729,#1730);
#1388=AXIS2_PLACEMENT_3D('',#2101,#1731,#1732);
#1389=AXIS2_PLACEMENT_3D('',#2102,#1733,#1734);
#1390=AXIS2_PLACEMENT_3D('',#2103,#1735,#1736);
#1391=AXIS2_PLACEMENT_3D('',#2106,#1739,#1740);
#1392=AXIS2_PLACEMENT_3D('',#2108,#1742,#1743);
#1393=AXIS2_PLACEMENT_3D('',#2110,#1745,#1746);
#1394=AXIS2_PLACEMENT_3D('',#2111,#1747,#1748);
#1395=DIRECTION('axis',(0.,0.,1.));
#1396=DIRECTION('refdir',(1.,0.,0.));
#1397=DIRECTION('axis',(0.,0.,1.));
#1398=DIRECTION('refdir',(1.,0.,0.));
#1399=DIRECTION('center_axis',(2.10468819834153E-16,1.,0.));
#1400=DIRECTION('ref_axis',(1.,-2.10468819834153E-16,0.));
#1401=DIRECTION('',(-1.,2.10468819834153E-16,-1.61825363607311E-15));
#1402=DIRECTION('',(0.,0.,-1.));
#1403=DIRECTION('',(1.,-2.10468819834153E-16,0.));
#1404=DIRECTION('',(0.,0.,-1.));
#1405=DIRECTION('center_axis',(0.,0.,-1.));
#1406=DIRECTION('ref_axis',(-1.,0.,0.));
#1407=DIRECTION('center_axis',(-1.61825363612646E-15,-2.5347988985569E-10,
1.));
#1408=DIRECTION('ref_axis',(-1.,0.,-1.61825363612646E-15));
#1409=DIRECTION('',(0.,0.,-1.));
#1410=DIRECTION('center_axis',(0.,0.,-1.));
#1411=DIRECTION('ref_axis',(-1.,0.,0.));
#1412=DIRECTION('center_axis',(1.61825363612646E-15,2.5347988985569E-10,
-1.));
#1413=DIRECTION('ref_axis',(-1.,0.,-1.61825363612646E-15));
#1414=DIRECTION('center_axis',(0.,0.,-1.));
#1415=DIRECTION('ref_axis',(-1.,0.,0.));
#1416=DIRECTION('center_axis',(0.853826034293507,-0.520558453166043,0.));
#1417=DIRECTION('ref_axis',(-0.520558453166043,-0.853826034293507,0.));
#1418=DIRECTION('',(-0.520558453166043,-0.853826034293507,-2.16428571524249E-10));
#1419=DIRECTION('',(0.520558453166043,0.853826034293507,0.));
#1420=DIRECTION('',(0.520558453166043,0.853826034293507,2.16428571524249E-10));
#1421=DIRECTION('',(0.,0.,1.));
#1422=DIRECTION('center_axis',(2.10468819834153E-16,1.,0.));
#1423=DIRECTION('ref_axis',(1.,-2.10468819834153E-16,0.));
#1424=DIRECTION('',(-1.,2.10468819834153E-16,-1.61825363607311E-15));
#1425=DIRECTION('',(0.,0.,-1.));
#1426=DIRECTION('',(1.,-2.10468819834153E-16,0.));
#1427=DIRECTION('center_axis',(-0.853826034293508,-0.520558453166041,0.));
#1428=DIRECTION('ref_axis',(-0.520558453166041,0.853826034293508,0.));
#1429=DIRECTION('',(-0.520558453166041,0.853826034293508,2.1642688673303E-10));
#1430=DIRECTION('',(0.,0.,-1.));
#1431=DIRECTION('',(0.520558453166041,-0.853826034293508,-2.1642688673303E-10));
#1432=DIRECTION('',(0.520558453166041,-0.853826034293508,0.));
#1433=DIRECTION('center_axis',(0.999992649955627,-0.00383406243081079,0.));
#1434=DIRECTION('ref_axis',(-0.00383406243081079,-0.999992649955627,0.));
#1435=DIRECTION('',(-2.22044604514839E-16,-1.,-2.5347988985569E-10));
#1436=DIRECTION('',(-4.91051715975938E-23,-2.5347988985569E-10,1.));
#1437=DIRECTION('',(2.22044604514839E-16,1.,2.5347988985569E-10));
#1438=DIRECTION('',(-0.00383406243081079,-0.999992649955627,-2.53478032971738E-10));
#1439=DIRECTION('',(0.00383406243081079,0.999992649955627,2.53478032971738E-10));
#1440=DIRECTION('center_axis',(-1.61825363612646E-15,-2.5347988985569E-10,
1.));
#1441=DIRECTION('ref_axis',(1.,-2.22044604925034E-16,1.61825363607017E-15));
#1442=DIRECTION('center_axis',(1.61825363612646E-15,2.5347988985569E-10,
-1.));
#1443=DIRECTION('ref_axis',(1.,-2.22044604925034E-16,1.61825363607017E-15));
#1444=DIRECTION('center_axis',(1.61825363612646E-15,2.5347988985569E-10,
-1.));
#1445=DIRECTION('ref_axis',(1.,-2.22044604925034E-16,1.61825363607017E-15));
#1446=DIRECTION('',(0.,-1.,-2.5347988985569E-10));
#1447=DIRECTION('',(-1.,1.11022302461046E-16,-1.61825363609832E-15));
#1448=DIRECTION('',(1.50454753816E-10,1.,2.53479869684513E-10));
#1449=DIRECTION('',(-1.,2.22044604925034E-16,-1.61825363607017E-15));
#1450=DIRECTION('',(-1.50453740450676E-10,1.,2.5347988985569E-10));
#1451=DIRECTION('',(-1.,-1.8436271000694E-26,-1.61825363612646E-15));
#1452=DIRECTION('',(1.5045534361513E-10,1.,2.53479866845165E-10));
#1453=DIRECTION('',(-1.,2.22044604925034E-16,-1.61825363607017E-15));
#1454=DIRECTION('',(1.50453789315792E-10,-1.,-2.53479866845164E-10));
#1455=DIRECTION('',(-1.,5.6241166224616E-16,-1.6182536359839E-15));
#1456=DIRECTION('center_axis',(-1.61825363612646E-15,-2.5347988985569E-10,
1.));
#1457=DIRECTION('ref_axis',(-1.,0.,-1.61825363612646E-15));
#1458=DIRECTION('center_axis',(1.,-1.23399033081494E-16,4.90738926710561E-23));
#1459=DIRECTION('ref_axis',(4.9105171794809E-23,2.53479880546102E-10,-1.));
#1460=DIRECTION('',(-1.61825363612646E-15,-2.5347988985569E-10,1.));
#1461=DIRECTION('',(9.05171759370453E-17,1.,2.5347988985569E-10));
#1462=DIRECTION('',(-1.61825363612646E-15,-2.5347988985569E-10,1.));
#1463=DIRECTION('',(4.9105171794809E-23,2.53479880546102E-10,-1.));
#1464=DIRECTION('',(1.23399033081494E-16,1.,2.5347988985569E-10));
#1465=DIRECTION('',(4.9105171794809E-23,2.53479880546102E-10,-1.));
#1466=DIRECTION('',(0.,1.,2.5347988985569E-10));
#1467=DIRECTION('center_axis',(0.,0.,-1.));
#1468=DIRECTION('ref_axis',(-1.,0.,0.));
#1469=DIRECTION('center_axis',(1.61825363612646E-15,2.5347988985569E-10,
-1.));
#1470=DIRECTION('ref_axis',(-1.,0.,-1.61825363612646E-15));
#1471=DIRECTION('',(0.,0.,-1.));
#1472=DIRECTION('center_axis',(0.,0.,1.));
#1473=DIRECTION('ref_axis',(-1.,0.,0.));
#1474=DIRECTION('center_axis',(0.,0.,1.));
#1475=DIRECTION('ref_axis',(-1.,0.,0.));
#1476=DIRECTION('center_axis',(-6.43519324219754E-16,-1.,-2.5347988985569E-10));
#1477=DIRECTION('ref_axis',(1.,-6.43519324219754E-16,4.8942052517334E-23));
#1478=DIRECTION('',(-1.,6.43519324219754E-16,-4.8942052517334E-23));
#1479=DIRECTION('',(1.,-6.43519324219754E-16,4.8942052517334E-23));
#1480=DIRECTION('',(-1.61825363612646E-15,-2.5347988985569E-10,1.));
#1481=DIRECTION('center_axis',(-1.61825363612646E-15,-2.5347988985569E-10,
1.));
#1482=DIRECTION('ref_axis',(1.,-2.22044604925034E-16,1.61825363607017E-15));
#1483=DIRECTION('',(-1.,3.17868911633025E-17,-4.90971143695231E-23));
#1484=DIRECTION('',(-2.22044604514839E-16,-1.,-2.5347988985569E-10));
#1485=DIRECTION('',(1.,5.55111516414502E-17,4.91192427067755E-23));
#1486=DIRECTION('',(8.88178420110319E-16,-1.,-2.5347988985569E-10));
#1487=DIRECTION('',(-1.,2.22044604514839E-16,-4.90488879497281E-23));
#1488=DIRECTION('',(2.22044604514839E-16,1.,2.5347988985569E-10));
#1489=DIRECTION('center_axis',(1.61825363612646E-15,2.5347988985569E-10,
-1.));
#1490=DIRECTION('ref_axis',(-1.,-1.84362956525972E-26,-1.61825363612646E-15));
#1491=DIRECTION('center_axis',(1.61825363612646E-15,2.5347988985569E-10,
-1.));
#1492=DIRECTION('ref_axis',(-1.,-1.84362956525972E-26,-1.61825363612646E-15));
#1493=DIRECTION('',(1.61825363612646E-15,2.5347988985569E-10,-1.));
#1494=DIRECTION('center_axis',(-1.61825363612646E-15,-2.5347988985569E-10,
1.));
#1495=DIRECTION('ref_axis',(-1.,-1.84362956525972E-26,-1.61825363612646E-15));
#1496=DIRECTION('center_axis',(1.61825363612646E-15,2.5347988985569E-10,
-1.));
#1497=DIRECTION('ref_axis',(-1.,-1.84362956525972E-26,-1.61825363612646E-15));
#1498=DIRECTION('center_axis',(1.61825363612646E-15,2.5347988985569E-10,
-1.));
#1499=DIRECTION('ref_axis',(-1.,-1.84362956525972E-26,-1.61825363612646E-15));
#1500=DIRECTION('',(1.61825363612646E-15,2.5347988985569E-10,-1.));
#1501=DIRECTION('center_axis',(-1.61825363612646E-15,-2.5347988985569E-10,
1.));
#1502=DIRECTION('ref_axis',(-1.,-1.84362956525972E-26,-1.61825363612646E-15));
#1503=DIRECTION('center_axis',(1.61825363612646E-15,2.5347988985569E-10,
-1.));
#1504=DIRECTION('ref_axis',(-1.,-1.84362956525972E-26,-1.61825363612646E-15));
#1505=DIRECTION('center_axis',(1.61825363612646E-15,2.5347988985569E-10,
-1.));
#1506=DIRECTION('ref_axis',(-1.,-1.84362956525972E-26,-1.61825363612646E-15));
#1507=DIRECTION('',(1.61825363612646E-15,2.5347988985569E-10,-1.));
#1508=DIRECTION('center_axis',(-1.61825363612646E-15,-2.5347988985569E-10,
1.));
#1509=DIRECTION('ref_axis',(-1.,-1.84362956525972E-26,-1.61825363612646E-15));
#1510=DIRECTION('center_axis',(-1.23804838433573E-17,2.53479873414762E-10,
-1.));
#1511=DIRECTION('ref_axis',(-1.,1.11022302030749E-16,1.23804838714993E-17));
#1512=DIRECTION('',(-2.22044604514839E-16,-1.,-2.53479873414762E-10));
#1513=DIRECTION('',(1.,-6.43519324219754E-16,-1.23804840064766E-17));
#1514=DIRECTION('',(2.22044604514839E-16,1.,2.53479873414762E-10));
#1515=DIRECTION('',(-1.,1.11022302030749E-16,1.23804838714993E-17));
#1516=DIRECTION('center_axis',(-4.28631024118297E-25,1.,2.5347988985569E-10));
#1517=DIRECTION('ref_axis',(1.,-2.37838179561492E-30,1.6909956962283E-15));
#1518=DIRECTION('center_axis',(-4.28631024118297E-25,1.,2.5347988985569E-10));
#1519=DIRECTION('ref_axis',(1.,1.84362597510765E-26,1.61825363593247E-15));
#1520=DIRECTION('',(-1.,2.37838179561492E-30,-1.6909956962283E-15));
#1521=DIRECTION('center_axis',(-4.28631024118297E-25,1.,2.5347988985569E-10));
#1522=DIRECTION('ref_axis',(1.,1.84362854301425E-26,1.61825363593247E-15));
#1523=DIRECTION('center_axis',(7.48154319236206E-16,1.,1.4432899322712E-15));
#1524=DIRECTION('ref_axis',(1.,-7.48154319236208E-16,1.61825363593247E-15));
#1525=DIRECTION('center_axis',(-4.28631024118297E-25,1.,2.5347988985569E-10));
#1526=DIRECTION('ref_axis',(1.,1.84362854301425E-26,1.61825363593247E-15));
#1527=DIRECTION('center_axis',(-2.22044604514839E-16,-1.,-2.5347988985569E-10));
#1528=DIRECTION('ref_axis',(1.,-2.22044604925034E-16,1.61825363593247E-15));
#1529=DIRECTION('',(-9.89994974887044E-10,-1.,-2.53479889855692E-10));
#1530=DIRECTION('center_axis',(-6.43519324219754E-16,-1.,-1.4432899322712E-15));
#1531=DIRECTION('ref_axis',(1.,-6.43519324219756E-16,1.61825363593247E-15));
#1532=DIRECTION('',(-9.89994530797839E-10,1.,2.53479889855689E-10));
#1533=DIRECTION('center_axis',(-1.,2.22044604925034E-16,-1.61825363607017E-15));
#1534=DIRECTION('ref_axis',(-1.61825363612646E-15,-2.5347988985569E-10,
1.));
#1535=DIRECTION('',(2.22044604514839E-16,1.,2.5347988985569E-10));
#1536=DIRECTION('',(-1.61825363612646E-15,-2.5347988985569E-10,1.));
#1537=DIRECTION('',(2.22044604514839E-16,1.,2.5347988985569E-10));
#1538=DIRECTION('',(-1.61825363612646E-15,-2.5347988985569E-10,1.));
#1539=DIRECTION('center_axis',(1.,-2.22044604925034E-16,1.61825363607017E-15));
#1540=DIRECTION('ref_axis',(1.61825363612646E-15,2.5347988985569E-10,-1.));
#1541=DIRECTION('',(-1.76060136309878E-18,1.,2.5347988985569E-10));
#1542=DIRECTION('',(4.80237957247842E-17,-1.,-2.5347988985569E-10));
#1543=DIRECTION('',(1.61825363612646E-15,2.5347988985569E-10,-1.));
#1544=DIRECTION('',(2.22044604514839E-16,1.,2.5347988985569E-10));
#1545=DIRECTION('',(1.61825363612646E-15,2.5347988985569E-10,-1.));
#1546=DIRECTION('center_axis',(-1.,2.22044604514839E-16,-4.90488877525129E-23));
#1547=DIRECTION('ref_axis',(-4.91051715975938E-23,-2.53480159847492E-10,
1.));
#1548=DIRECTION('',(-4.91051715975938E-23,-2.53480159847492E-10,1.));
#1549=DIRECTION('',(-4.91051715975938E-23,-2.53480159847492E-10,1.));
#1550=DIRECTION('',(-4.91051715975938E-23,-2.53480159847492E-10,1.));
#1551=DIRECTION('center_axis',(1.61825363612646E-15,2.5347988985569E-10,
-1.));
#1552=DIRECTION('ref_axis',(-1.,2.22044604925034E-16,-1.61825363607017E-15));
#1553=DIRECTION('',(1.,-6.43519324219754E-16,-1.23804840064766E-17));
#1554=DIRECTION('',(-1.,2.22044604925034E-16,-1.61825363607017E-15));
#1555=DIRECTION('center_axis',(-1.23804838433573E-17,2.5347988985569E-10,
-1.));
#1556=DIRECTION('ref_axis',(-1.,1.11022302030749E-16,1.23804838714993E-17));
#1557=DIRECTION('',(-1.,1.11022302030749E-16,1.23804838714993E-17));
#1558=DIRECTION('',(1.,-6.43519324219754E-16,-1.23804840064766E-17));
#1559=DIRECTION('center_axis',(-6.43519324219754E-16,-1.,-1.4432899322712E-15));
#1560=DIRECTION('ref_axis',(1.,-6.43519324219756E-16,1.61825363593247E-15));
#1561=DIRECTION('center_axis',(6.43519324219754E-16,1.,1.4432899322712E-15));
#1562=DIRECTION('ref_axis',(1.,-6.43519324219756E-16,1.61825363593247E-15));
#1563=DIRECTION('center_axis',(6.43519324219754E-16,1.,1.4432899322712E-15));
#1564=DIRECTION('ref_axis',(1.,-6.43519324219756E-16,1.61825363593247E-15));
#1565=DIRECTION('center_axis',(-5.62411661835965E-16,-1.,-2.53479981738305E-10));
#1566=DIRECTION('ref_axis',(1.,-5.62411661835965E-16,4.89626116130307E-23));
#1567=DIRECTION('',(-1.,2.37838179561492E-30,-1.6909956962283E-15));
#1568=DIRECTION('center_axis',(-1.11022302050851E-16,-1.,-2.53479880546102E-10));
#1569=DIRECTION('ref_axis',(1.,-1.11022302050851E-16,4.90770295764457E-23));
#1570=DIRECTION('',(1.,-1.11022302461046E-16,1.61825363609832E-15));
#1571=DIRECTION('center_axis',(1.11022302050851E-16,1.,2.53479880546102E-10));
#1572=DIRECTION('ref_axis',(1.,-1.11022302461046E-16,1.61825363593247E-15));
#1573=DIRECTION('',(1.,-1.11022302461046E-16,1.61825363609832E-15));
#1574=DIRECTION('center_axis',(5.62411661835965E-16,1.,2.53479981738305E-10));
#1575=DIRECTION('ref_axis',(1.,-5.6241166224616E-16,1.61825363593247E-15));
#1576=DIRECTION('',(1.,-5.6241166224616E-16,1.6182536359839E-15));
#1577=DIRECTION('center_axis',(-1.11022302050851E-16,-1.,-2.53479880546102E-10));
#1578=DIRECTION('ref_axis',(1.,-1.11022302050851E-16,4.90770295764457E-23));
#1579=DIRECTION('',(-1.,2.22044604925034E-16,-1.61825363607017E-15));
#1580=DIRECTION('center_axis',(-4.28631024118297E-25,1.,2.5347988985569E-10));
#1581=DIRECTION('ref_axis',(1.,1.84362597510765E-26,1.61825363593247E-15));
#1582=DIRECTION('center_axis',(7.48154319236206E-16,1.,1.4432899322712E-15));
#1583=DIRECTION('ref_axis',(1.,-7.48154319236208E-16,1.61825363593247E-15));
#1584=DIRECTION('',(-5.68238359787168E-11,1.,2.53479824091976E-10));
#1585=DIRECTION('center_axis',(-2.22044604514839E-16,-1.,-2.5347988985569E-10));
#1586=DIRECTION('ref_axis',(1.,-2.22044604925034E-16,1.61825363593247E-15));
#1587=DIRECTION('',(5.68252172848895E-11,1.,2.53479820467557E-10));
#1588=DIRECTION('center_axis',(6.16626890658412E-16,1.,1.44612928069879E-15));
#1589=DIRECTION('ref_axis',(1.,-6.16626890658415E-16,1.61825363593247E-15));
#1590=DIRECTION('',(-9.89994974887053E-10,-1.,-2.53479889855692E-10));
#1591=DIRECTION('center_axis',(-6.43519324219754E-16,-1.,-1.4432899322712E-15));
#1592=DIRECTION('ref_axis',(1.,-6.43519324219756E-16,1.61825363593247E-15));
#1593=DIRECTION('',(-9.89994530797839E-10,1.,2.53479889855689E-10));
#1594=DIRECTION('center_axis',(-2.22044604514839E-16,-1.,-2.5347988985569E-10));
#1595=DIRECTION('ref_axis',(1.,-2.22044604925034E-16,1.61825363593247E-15));
#1596=DIRECTION('center_axis',(6.16626890658412E-16,1.,1.44612928069879E-15));
#1597=DIRECTION('ref_axis',(1.,-6.16626890658415E-16,1.61825363593247E-15));
#1598=DIRECTION('',(5.68240446202834E-11,-1.,-2.53479820467557E-10));
#1599=DIRECTION('center_axis',(-2.22044604514839E-16,-1.,-2.5347988985569E-10));
#1600=DIRECTION('ref_axis',(1.,-2.22044604925034E-16,1.61825363593247E-15));
#1601=DIRECTION('',(5.68252172848896E-11,1.,2.53479820467557E-10));
#1602=DIRECTION('center_axis',(-1.61825363612646E-15,-2.5347988985569E-10,
1.));
#1603=DIRECTION('ref_axis',(1.,-2.22044604925034E-16,1.61825363607017E-15));
#1604=DIRECTION('',(1.,-2.22044604925034E-16,1.61825363607017E-15));
#1605=DIRECTION('',(1.,-2.22044604925034E-16,1.61825363607017E-15));
#1606=DIRECTION('center_axis',(4.28631024118297E-25,-1.,-2.5347988985569E-10));
#1607=DIRECTION('ref_axis',(-1.,2.37838179561492E-30,-1.6909956962283E-15));
#1608=DIRECTION('',(1.,-2.22044604925034E-16,1.61825363607017E-15));
#1609=DIRECTION('center_axis',(1.61825363612646E-15,2.5347988985569E-10,
-1.));
#1610=DIRECTION('ref_axis',(-1.,2.22044604925034E-16,-1.61825363607017E-15));
#1611=DIRECTION('',(-1.,6.43519324219756E-16,-1.61825363596334E-15));
#1612=DIRECTION('',(-1.,6.43519324219756E-16,-1.61825363596334E-15));
#1613=DIRECTION('',(1.,-2.22044604925034E-16,1.61825363607017E-15));
#1614=DIRECTION('',(-8.88178420110319E-16,1.,2.5347988985569E-10));
#1615=DIRECTION('',(-1.,-5.55111512312555E-17,-1.61825363614053E-15));
#1616=DIRECTION('',(-2.22044604514839E-16,-1.,-2.5347988985569E-10));
#1617=DIRECTION('center_axis',(-6.43519324219754E-16,-1.,-1.4432899322712E-15));
#1618=DIRECTION('ref_axis',(1.,-6.43519324219756E-16,1.61825363593247E-15));
#1619=DIRECTION('center_axis',(-6.43519324219754E-16,-1.,-1.4432899322712E-15));
#1620=DIRECTION('ref_axis',(1.,-6.43519324219756E-16,1.61825363593247E-15));
#1621=DIRECTION('center_axis',(2.22044604514839E-16,1.,2.5347988985569E-10));
#1622=DIRECTION('ref_axis',(-1.,2.22044604925034E-16,-1.61825363607017E-15));
#1623=DIRECTION('center_axis',(2.22044604514839E-16,1.,2.5347988985569E-10));
#1624=DIRECTION('ref_axis',(-1.,2.22044604925034E-16,-1.61825363607017E-15));
#1625=DIRECTION('center_axis',(2.22044604514839E-16,1.,2.5347988985569E-10));
#1626=DIRECTION('ref_axis',(-1.,2.22044604925034E-16,-1.61825363607017E-15));
#1627=DIRECTION('center_axis',(-6.43519324219754E-16,-1.,-1.4432899322712E-15));
#1628=DIRECTION('ref_axis',(1.,-6.43519324219756E-16,1.61825363593247E-15));
#1629=DIRECTION('',(1.,-2.22044604925034E-16,1.61825363607017E-15));
#1630=DIRECTION('center_axis',(-1.61825363612646E-15,-2.5347988985569E-10,
1.));
#1631=DIRECTION('ref_axis',(1.,-2.22044604925034E-16,1.61825363607017E-15));
#1632=DIRECTION('',(-7.48154319236206E-16,-1.,-1.4432899322712E-15));
#1633=DIRECTION('',(1.,-2.22044604925034E-16,1.61825363607017E-15));
#1634=DIRECTION('',(7.48154319236206E-16,1.,1.4432899322712E-15));
#1635=DIRECTION('center_axis',(2.22044604514839E-16,1.,2.5347988985569E-10));
#1636=DIRECTION('ref_axis',(-1.,2.22044604925034E-16,-1.61825363607017E-15));
#1637=DIRECTION('center_axis',(-6.43519324219754E-16,-1.,-1.4432899322712E-15));
#1638=DIRECTION('ref_axis',(1.,-6.43519324219756E-16,1.61825363593247E-15));
#1639=DIRECTION('',(1.,-2.22044604925034E-16,1.61825363607017E-15));
#1640=DIRECTION('center_axis',(-1.61825363612646E-15,-2.5347988985569E-10,
1.));
#1641=DIRECTION('ref_axis',(1.,-2.22044604925034E-16,1.61825363607017E-15));
#1642=DIRECTION('',(-6.16626890658412E-16,-1.,-1.44612928069879E-15));
#1643=DIRECTION('',(1.,-2.22044604925034E-16,1.61825363607017E-15));
#1644=DIRECTION('',(6.16626890658412E-16,1.,1.44612928069879E-15));
#1645=DIRECTION('center_axis',(2.22044604514839E-16,1.,2.5347988985569E-10));
#1646=DIRECTION('ref_axis',(-1.,2.22044604925034E-16,-1.61825363607017E-15));
#1647=DIRECTION('center_axis',(2.22044604514839E-16,1.,2.5347988985569E-10));
#1648=DIRECTION('ref_axis',(-1.,2.22044604925034E-16,-1.61825363607017E-15));
#1649=DIRECTION('center_axis',(2.22044604514839E-16,1.,2.5347988985569E-10));
#1650=DIRECTION('ref_axis',(-1.,2.22044604925034E-16,-1.61825363607017E-15));
#1651=DIRECTION('center_axis',(-6.43519324219754E-16,-1.,-1.4432899322712E-15));
#1652=DIRECTION('ref_axis',(1.,-6.43519324219756E-16,1.61825363593247E-15));
#1653=DIRECTION('',(-1.,2.22044604925034E-16,-1.61825363607017E-15));
#1654=DIRECTION('center_axis',(-1.61825363612646E-15,-2.5347988985569E-10,
1.));
#1655=DIRECTION('ref_axis',(1.,-2.22044604925034E-16,1.61825363607017E-15));
#1656=DIRECTION('',(-7.48154319236206E-16,-1.,-1.4432899322712E-15));
#1657=DIRECTION('',(-1.,2.22044604925034E-16,-1.61825363607017E-15));
#1658=DIRECTION('',(7.48154319236206E-16,1.,1.4432899322712E-15));
#1659=DIRECTION('center_axis',(2.22044604514839E-16,1.,2.5347988985569E-10));
#1660=DIRECTION('ref_axis',(-1.,2.22044604925034E-16,-1.61825363607017E-15));
#1661=DIRECTION('center_axis',(-6.43519324219754E-16,-1.,-1.4432899322712E-15));
#1662=DIRECTION('ref_axis',(1.,-6.43519324219756E-16,1.61825363593247E-15));
#1663=DIRECTION('',(-1.,2.22044604925034E-16,-1.61825363607017E-15));
#1664=DIRECTION('center_axis',(-1.61825363612646E-15,-2.5347988985569E-10,
1.));
#1665=DIRECTION('ref_axis',(1.,-2.22044604925034E-16,1.61825363607017E-15));
#1666=DIRECTION('',(-6.16626890658412E-16,-1.,-1.44612928069879E-15));
#1667=DIRECTION('',(-1.,2.22044604925034E-16,-1.61825363607017E-15));
#1668=DIRECTION('',(6.16626890658412E-16,1.,1.44612928069879E-15));
#1669=DIRECTION('center_axis',(1.61825363612646E-15,2.53479751077812E-10,
-1.));
#1670=DIRECTION('ref_axis',(2.22044604514839E-16,1.,2.53479751077812E-10));
#1671=DIRECTION('',(7.48154319236206E-16,1.,1.4432899322712E-15));
#1672=DIRECTION('',(1.,-2.22044604925034E-16,1.61825363607017E-15));
#1673=DIRECTION('',(-2.22044604514839E-16,-1.,-2.53479751077812E-10));
#1674=DIRECTION('',(-1.,2.22044604925034E-16,-1.61825363607017E-15));
#1675=DIRECTION('center_axis',(1.61825363612646E-15,2.53479751077812E-10,
-1.));
#1676=DIRECTION('ref_axis',(2.22044604514839E-16,1.,2.53479751077812E-10));
#1677=DIRECTION('',(-6.16626890658412E-16,-1.,-1.44612928069879E-15));
#1678=DIRECTION('',(-1.,2.22044604925034E-16,-1.61825363607017E-15));
#1679=DIRECTION('',(-8.88178420110319E-16,1.,2.53479751077812E-10));
#1680=DIRECTION('',(1.,-2.22044604925034E-16,1.61825363607017E-15));
#1681=DIRECTION('center_axis',(-2.22044604514839E-16,-1.,-2.5347988985569E-10));
#1682=DIRECTION('ref_axis',(1.61825363612646E-15,2.5347988985569E-10,-1.));
#1683=DIRECTION('center_axis',(2.22044604514839E-16,1.,2.5347988985569E-10));
#1684=DIRECTION('ref_axis',(1.,-2.22044604925034E-16,1.61825363593247E-15));
#1685=DIRECTION('',(-1.,2.22044604925034E-16,-1.61825363607017E-15));
#1686=DIRECTION('',(-1.61825363612646E-15,-2.5347988985569E-10,1.));
#1687=DIRECTION('center_axis',(-2.22044604514839E-16,-1.,-2.5347988985569E-10));
#1688=DIRECTION('ref_axis',(1.61825363612646E-15,2.5347988985569E-10,-1.));
#1689=DIRECTION('center_axis',(2.22044604514839E-16,1.,2.5347988985569E-10));
#1690=DIRECTION('ref_axis',(1.,-2.22044604925034E-16,1.61825363593247E-15));
#1691=DIRECTION('',(1.61825363612646E-15,2.5347988985569E-10,-1.));
#1692=DIRECTION('',(-1.,2.22044604925034E-16,-1.61825363607017E-15));
#1693=DIRECTION('center_axis',(2.22044604514839E-16,1.,2.5347988985569E-10));
#1694=DIRECTION('ref_axis',(-1.61825363612646E-15,-2.5347988985569E-10,
1.));
#1695=DIRECTION('center_axis',(-2.22044604514839E-16,-1.,-2.5347988985569E-10));
#1696=DIRECTION('ref_axis',(1.,-2.22044604925034E-16,1.61825363593247E-15));
#1697=DIRECTION('',(1.61825363612646E-15,2.5347988985569E-10,-1.));
#1698=DIRECTION('',(-1.,2.22044604925034E-16,-1.61825363607017E-15));
#1699=DIRECTION('center_axis',(-1.61825363612646E-15,-2.5347988985569E-10,
1.));
#1700=DIRECTION('ref_axis',(-2.22044604514839E-16,-1.,-2.5347988985569E-10));
#1701=DIRECTION('',(-7.48154319236206E-16,-1.,-1.4432899322712E-15));
#1702=DIRECTION('',(2.22044604514839E-16,1.,2.5347988985569E-10));
#1703=DIRECTION('center_axis',(-1.61825363612646E-15,-2.5347988985569E-10,
1.));
#1704=DIRECTION('ref_axis',(-2.22044604514839E-16,-1.,-2.5347988985569E-10));
#1705=DIRECTION('',(6.16626890658412E-16,1.,1.44612928069879E-15));
#1706=DIRECTION('',(8.88178420110319E-16,-1.,-2.5347988985569E-10));
#1707=DIRECTION('',(-1.,2.22044604925034E-16,-1.61825363607017E-15));
#1708=DIRECTION('center_axis',(2.22044604514839E-16,1.,2.5347988985569E-10));
#1709=DIRECTION('ref_axis',(-1.61825363612646E-15,-2.5347988985569E-10,
1.));
#1710=DIRECTION('center_axis',(-2.22044604514839E-16,-1.,-2.5347988985569E-10));
#1711=DIRECTION('ref_axis',(1.,-2.22044604925034E-16,1.61825363593247E-15));
#1712=DIRECTION('',(-1.61825363612646E-15,-2.5347988985569E-10,1.));
#1713=DIRECTION('center_axis',(6.16626890658412E-16,1.,1.44612928069879E-15));
#1714=DIRECTION('ref_axis',(1.,-6.16626890658415E-16,1.61825363593247E-15));
#1715=DIRECTION('center_axis',(-2.22044604514839E-16,-1.,-2.5347988985569E-10));
#1716=DIRECTION('ref_axis',(1.,-2.22044604925034E-16,1.61825363593247E-15));
#1717=DIRECTION('',(-6.16626890658412E-16,-1.,-1.44612928069879E-15));
#1718=DIRECTION('center_axis',(-2.22044604514839E-16,-1.,-2.5347988985569E-10));
#1719=DIRECTION('ref_axis',(1.,-2.22044604925034E-16,1.61825363593247E-15));
#1720=DIRECTION('center_axis',(-2.22044604514839E-16,-1.,-2.5347988985569E-10));
#1721=DIRECTION('ref_axis',(1.,-2.22044604925034E-16,1.61825363593247E-15));
#1722=DIRECTION('center_axis',(-2.22044604514839E-16,-1.,-2.5347988985569E-10));
#1723=DIRECTION('ref_axis',(1.61825363612646E-15,2.5347988985569E-10,-1.));
#1724=DIRECTION('center_axis',(7.48154319236206E-16,1.,1.4432899322712E-15));
#1725=DIRECTION('ref_axis',(1.,-7.48154319236208E-16,1.61825363593247E-15));
#1726=DIRECTION('center_axis',(-2.22044604514839E-16,-1.,-2.5347988985569E-10));
#1727=DIRECTION('ref_axis',(1.,-2.22044604925034E-16,1.61825363593247E-15));
#1728=DIRECTION('',(-7.48154319236206E-16,-1.,-1.4432899322712E-15));
#1729=DIRECTION('center_axis',(-2.22044604514839E-16,-1.,-2.5347988985569E-10));
#1730=DIRECTION('ref_axis',(1.,-2.22044604925034E-16,1.61825363593247E-15));
#1731=DIRECTION('center_axis',(-2.22044604514839E-16,-1.,-2.5347988985569E-10));
#1732=DIRECTION('ref_axis',(1.,-2.22044604925034E-16,1.61825363593247E-15));
#1733=DIRECTION('center_axis',(-2.22044604514839E-16,-1.,-2.5347988985569E-10));
#1734=DIRECTION('ref_axis',(1.61825363612646E-15,2.5347988985569E-10,-1.));
#1735=DIRECTION('center_axis',(1.,-2.22044604925034E-16,1.61825363607017E-15));
#1736=DIRECTION('ref_axis',(-2.22044604514839E-16,-1.,-2.5347988985569E-10));
#1737=DIRECTION('',(-1.61825363612646E-15,-2.5347988985569E-10,1.));
#1738=DIRECTION('',(-2.21037258259321E-15,-2.5347988985569E-10,1.));
#1739=DIRECTION('center_axis',(5.55111516414502E-17,-1.,-2.5347988985569E-10));
#1740=DIRECTION('ref_axis',(-1.,-5.55111512312555E-17,-1.61825363614053E-15));
#1741=DIRECTION('',(-1.61825363612646E-15,-2.5347988985569E-10,1.));
#1742=DIRECTION('center_axis',(-1.,-8.88178419700124E-16,-1.61825363635159E-15));
#1743=DIRECTION('ref_axis',(-8.88178420110319E-16,1.,2.5347988985569E-10));
#1744=DIRECTION('',(-1.61825363612646E-15,-2.5347988985569E-10,1.));
#1745=DIRECTION('center_axis',(2.22044604514839E-16,1.,2.5347988985569E-10));
#1746=DIRECTION('ref_axis',(1.,-2.22044604925034E-16,1.61825363607017E-15));
#1747=DIRECTION('',(0.,0.,1.));
#1748=DIRECTION('',(1.,0.,0.));
#1749=CARTESIAN_POINT('',(0.,0.,0.));
#1750=CARTESIAN_POINT('',(0.,0.,0.));
#1751=CARTESIAN_POINT('Origin',(15.5824986247585,4.17585947363877,3.62339689545612));
#1752=CARTESIAN_POINT('',(15.6324986247585,4.17585947363877,3.62339689545612));
#1753=CARTESIAN_POINT('',(15.5824986247585,4.17585947363877,3.62339689545612));
#1754=CARTESIAN_POINT('',(20.8574986247585,4.17585947363877,3.62339689651465));
#1755=CARTESIAN_POINT('',(15.6324986247585,4.17585947363877,0.123396895456117));
#1756=CARTESIAN_POINT('',(15.6324986247585,4.17585947363877,3.62339689545612));
#1757=CARTESIAN_POINT('',(15.5824986247585,4.17585947363877,0.123396895456117));
#1758=CARTESIAN_POINT('',(15.5824986247585,4.17585947363877,0.123396895456117));
#1759=CARTESIAN_POINT('',(15.5824986247585,4.17585947363877,3.62339689545612));
#1760=CARTESIAN_POINT('Origin',(26.1324986247585,4.17585947363877,3.62339689545612));
#1761=CARTESIAN_POINT('',(36.6324986247585,4.17585947363876,3.62339689545612));
#1762=CARTESIAN_POINT('Origin',(26.1324986247585,4.17585947363877,3.62339689651466));
#1763=CARTESIAN_POINT('',(36.6324986247585,4.17585947363876,0.123396895456117));
#1764=CARTESIAN_POINT('',(36.6324986247585,4.17585947363876,3.62339689545612));
#1765=CARTESIAN_POINT('',(36.2610531271282,6.94396057232123,0.123396895456117));
#1766=CARTESIAN_POINT('Origin',(26.1324986247585,4.17585947363877,0.123396895456117));
#1767=CARTESIAN_POINT('',(16.0039441223889,6.94396057232124,0.123396895456117));
#1768=CARTESIAN_POINT('Origin',(26.1324986247585,4.17585947363877,0.123396896514656));
#1769=CARTESIAN_POINT('Origin',(26.1324986247585,4.17585947363877,0.123396895456117));
#1770=CARTESIAN_POINT('Origin',(14.1249349558936,1.78514657761695,3.62339689545612));
#1771=CARTESIAN_POINT('',(12.1586929207238,-1.43990649594202,3.62339689545612));
#1772=CARTESIAN_POINT('',(16.2831421095089,5.32506307296478,3.62339689680594));
#1773=CARTESIAN_POINT('',(14.1249349558936,1.78514657761695,0.123396895456117));
#1774=CARTESIAN_POINT('',(15.5824986247585,4.17585947363877,0.123396895456117));
#1775=CARTESIAN_POINT('',(12.1586929207238,-1.43990649594202,0.12339689509115));
#1776=CARTESIAN_POINT('',(16.2831421099032,5.32506307361155,0.12339689680594));
#1777=CARTESIAN_POINT('',(12.1586929207238,-1.43990649594202,3.62339689545612));
#1778=CARTESIAN_POINT('Origin',(36.6324986247585,4.17585947363876,3.62339689545612));
#1779=CARTESIAN_POINT('',(36.6824986247585,4.17585947363876,3.62339689545612));
#1780=CARTESIAN_POINT('',(31.3824986247585,4.17585947363876,3.62339689651466));
#1781=CARTESIAN_POINT('',(36.6824986247585,4.17585947363876,0.123396895456117));
#1782=CARTESIAN_POINT('',(36.6824986247585,4.17585947363876,3.62339689545612));
#1783=CARTESIAN_POINT('',(15.5824986247585,4.17585947363877,0.123396895456117));
#1784=CARTESIAN_POINT('Origin',(46.1324986247585,-11.3241405263612,3.62339689545612));
#1785=CARTESIAN_POINT('',(40.1442013776916,-1.5020656766748,3.62339689545612));
#1786=CARTESIAN_POINT('',(39.9780733055757,-1.22958047902432,3.62339689514451));
#1787=CARTESIAN_POINT('',(40.1442013776916,-1.5020656766748,0.123396895075439));
#1788=CARTESIAN_POINT('',(40.1442013776916,-1.5020656766748,3.62339689545612));
#1789=CARTESIAN_POINT('',(38.1400622936235,1.78514657761695,0.123396895456117));
#1790=CARTESIAN_POINT('',(39.9780733051814,-1.22958047837755,0.123396895144508));
#1791=CARTESIAN_POINT('',(46.1324986247585,-11.3241405263612,0.123396895456117));
#1792=CARTESIAN_POINT('Origin',(12.1586929207238,-1.43990649594201,3.62339689545612));
#1793=CARTESIAN_POINT('',(12.1207958718254,-11.3240476031464,0.123396892585719));
#1794=CARTESIAN_POINT('',(12.1207958718254,-11.324140525474,0.123396892585695));
#1795=CARTESIAN_POINT('',(12.1207958718254,-7.79459406431022,0.123396893480364));
#1796=CARTESIAN_POINT('',(12.1207958718254,-11.3241405263612,3.6233968925857));
#1797=CARTESIAN_POINT('',(12.1207958718254,-11.3241405253853,-0.226603107414285));
#1798=CARTESIAN_POINT('',(12.1207958718254,-11.3240476040336,3.62339689258572));
#1799=CARTESIAN_POINT('',(12.1207958718254,-7.7945940651974,3.62339689348036));
#1800=CARTESIAN_POINT('',(12.1695611479728,1.39472323770903,3.62339689580967));
#1801=CARTESIAN_POINT('',(12.1695611479762,1.39472323859619,0.123396895809672));
#1802=CARTESIAN_POINT('Origin',(26.1324986247585,4.17585947452595,0.123396896514656));
#1803=CARTESIAN_POINT('Origin',(15.5824986247585,4.17585947452595,0.123396896514639));
#1804=CARTESIAN_POINT('Origin',(36.6824986247585,4.17585947452594,0.123396896514673));
#1805=CARTESIAN_POINT('',(40.1442013776916,-11.3240476031464,0.123396892585764));
#1806=CARTESIAN_POINT('',(40.1442013776916,-3.57414052547406,0.12339689455021));
#1807=CARTESIAN_POINT('',(39.4718520412047,-11.3240476031464,0.123396892585763));
#1808=CARTESIAN_POINT('',(32.8438022362988,-11.3240476031464,0.123396892585752));
#1809=CARTESIAN_POINT('',(39.4718520424747,-10.3240476031151,0.123396892839244));
#1810=CARTESIAN_POINT('',(39.4718520418729,-15.3240940633757,0.123396891571832));
#1811=CARTESIAN_POINT('',(31.2165507129086,-10.3240476031151,0.12339689283923));
#1812=CARTESIAN_POINT('',(30.7383500012251,-10.3240476031151,0.123396892839229));
#1813=CARTESIAN_POINT('',(31.2165507140281,-11.3240476031151,0.12339689258575));
#1814=CARTESIAN_POINT('',(31.2165507135436,-15.5445476031151,0.123396891515938));
#1815=CARTESIAN_POINT('',(21.048446535489,-11.3240476031151,0.123396892585734));
#1816=CARTESIAN_POINT('',(19.1847729991324,-11.3240476031151,0.12339689258573));
#1817=CARTESIAN_POINT('',(21.0484465366085,-10.3240476031151,0.123396892839215));
#1818=CARTESIAN_POINT('',(21.0484465360067,-15.3240940633757,0.123396891571802));
#1819=CARTESIAN_POINT('',(12.7931452070424,-10.3240476031151,0.1233968928392));
#1820=CARTESIAN_POINT('',(21.526647248292,-10.3240476031151,0.123396892839214));
#1821=CARTESIAN_POINT('',(12.7931452083124,-11.3240476031464,0.12339689258572));
#1822=CARTESIAN_POINT('',(12.7931452076442,-15.3240940633757,0.123396891571789));
#1823=CARTESIAN_POINT('',(19.4211950132183,-11.3240476031464,0.123396892585731));
#1824=CARTESIAN_POINT('',(28.9324986247585,4.17585947363877,0.123396895456117));
#1825=CARTESIAN_POINT('Origin',(26.1324986247585,4.17585947363877,0.123396896514656));
#1826=CARTESIAN_POINT('Origin',(40.1442013776916,-19.7650476037674,2.57339689044639));
#1827=CARTESIAN_POINT('',(40.1442013776916,-11.3240476040336,3.62339689258576));
#1828=CARTESIAN_POINT('',(40.1442013776916,-11.3240476049968,7.42339689258572));
#1829=CARTESIAN_POINT('',(40.1442013776916,-11.3240476049841,7.37339689258572));
#1830=CARTESIAN_POINT('',(40.1442013776916,-19.7650476049968,7.4233968904461));
#1831=CARTESIAN_POINT('',(40.1442013776916,-19.7650476049968,7.4233968904461));
#1832=CARTESIAN_POINT('',(40.1442013776916,-19.7650476049841,7.3733968904461));
#1833=CARTESIAN_POINT('',(40.1442013776916,-19.7650476049841,7.3733968904461));
#1834=CARTESIAN_POINT('',(40.1442013776916,-19.765047602969,-0.576603109553857));
#1835=CARTESIAN_POINT('',(40.1442013776916,-19.7650476049841,7.3733968904461));
#1836=CARTESIAN_POINT('',(40.1442013776916,-11.324047602969,-0.576603107414233));
#1837=CARTESIAN_POINT('',(40.1442013776916,-19.765047602969,-0.576603109553857));
#1838=CARTESIAN_POINT('',(40.1442013776916,-11.3240476049841,7.37339689258572));
#1839=CARTESIAN_POINT('',(40.1442013776916,-3.57414052636123,3.62339689455021));
#1840=CARTESIAN_POINT('Origin',(26.1324986247585,4.17585947363877,3.62339689545612));
#1841=CARTESIAN_POINT('',(28.9324986247585,4.17585947363877,3.62339689545612));
#1842=CARTESIAN_POINT('Origin',(26.1324986247585,4.17585947363877,3.62339689651466));
#1843=CARTESIAN_POINT('',(28.9324986247585,4.17585947363876,3.62339689545612));
#1844=CARTESIAN_POINT('Origin',(36.011280459191,4.15991002298,0.123396895456117));
#1845=CARTESIAN_POINT('Origin',(16.2537167903261,4.15991002298001,0.123396895456117));
#1846=CARTESIAN_POINT('Origin',(12.1207958718254,-19.7650476031151,7.3733968904461));
#1847=CARTESIAN_POINT('',(12.1207958718254,-19.7650476049841,7.3733968904461));
#1848=CARTESIAN_POINT('',(23.7324986247585,-19.7650476031151,7.3733968904461));
#1849=CARTESIAN_POINT('',(12.1207958718254,-19.7650476049968,7.4233968904461));
#1850=CARTESIAN_POINT('',(23.7324986247585,-19.7650476031278,7.4233968904461));
#1851=CARTESIAN_POINT('',(12.1207958718254,-19.7650476049841,7.3733968904461));
#1852=CARTESIAN_POINT('Origin',(12.1207958718254,-19.7650476049968,7.42339689044606));
#1853=CARTESIAN_POINT('',(12.1207958718254,-11.3240476049968,7.42339689258572));
#1854=CARTESIAN_POINT('',(12.1207958718254,-11.3240476049968,7.42339689258572));
#1855=CARTESIAN_POINT('',(12.1207958718254,-19.7650476049968,7.4233968904461));
#1856=CARTESIAN_POINT('',(25.1324986247585,-14.3241405273245,7.42339689182528));
#1857=CARTESIAN_POINT('',(27.1324986247585,-14.3241405273245,7.42339689182528));
#1858=CARTESIAN_POINT('',(19.626647248292,-14.3241405273245,7.42339689182526));
#1859=CARTESIAN_POINT('',(27.1324986247585,-16.3241405273245,7.42339689131832));
#1860=CARTESIAN_POINT('',(27.1324986247585,-18.0445940661606,7.4233968908822));
#1861=CARTESIAN_POINT('',(25.1324986247585,-16.3241405273245,7.42339689131832));
#1862=CARTESIAN_POINT('',(18.626647248292,-16.3241405273245,7.4233968913183));
#1863=CARTESIAN_POINT('',(25.1324986247585,-17.0445940661606,7.42339689113568));
#1864=CARTESIAN_POINT('Origin',(20.1324986247586,-29.3241405252801,-0.57660311197693));
#1865=CARTESIAN_POINT('',(21.1324986247586,-29.3241405252801,-0.576603111976928));
#1866=CARTESIAN_POINT('Origin',(20.1324986247586,-29.3241405252801,-0.57660311197693));
#1867=CARTESIAN_POINT('',(21.1324986247586,-29.3241405248999,-2.07660311197693));
#1868=CARTESIAN_POINT('',(21.1324986247586,-29.3241405252801,-0.576603111976928));
#1869=CARTESIAN_POINT('Origin',(20.1324986247586,-29.3241405248999,-2.07660311197693));
#1870=CARTESIAN_POINT('Origin',(26.1324986247586,-29.3241405252984,-0.57660311197692));
#1871=CARTESIAN_POINT('',(27.1324986247586,-29.3241405252984,-0.576603111976918));
#1872=CARTESIAN_POINT('Origin',(26.1324986247586,-29.3241405252984,-0.57660311197692));
#1873=CARTESIAN_POINT('',(27.1324986247586,-29.3241405249182,-2.07660311197692));
#1874=CARTESIAN_POINT('',(27.1324986247586,-29.3241405252984,-0.576603111976918));
#1875=CARTESIAN_POINT('Origin',(26.1324986247586,-29.3241405249182,-2.07660311197692));
#1876=CARTESIAN_POINT('Origin',(32.1324986247586,-29.3241405253042,-0.576603111976909));
#1877=CARTESIAN_POINT('',(33.1324986247586,-29.3241405253042,-0.576603111976908));
#1878=CARTESIAN_POINT('Origin',(32.1324986247586,-29.3241405253042,-0.57660311197691));
#1879=CARTESIAN_POINT('',(33.1324986247586,-29.324140524924,-2.07660311197691));
#1880=CARTESIAN_POINT('',(33.1324986247586,-29.3241405253042,-0.576603111976908));
#1881=CARTESIAN_POINT('Origin',(32.1324986247586,-29.324140524924,-2.07660311197691));
#1882=CARTESIAN_POINT('Origin',(13.2989869315305,-19.765047602969,-0.576603109553856));
#1883=CARTESIAN_POINT('',(12.1210473735063,-11.3240476029377,-0.576603107414281));
#1884=CARTESIAN_POINT('',(12.1210473735063,-19.7650476031151,-0.576603109553905));
#1885=CARTESIAN_POINT('',(12.1210473735063,-19.2650476029533,-0.576603109427116));
#1886=CARTESIAN_POINT('',(12.1207958718254,-19.765047602969,-0.576603109553856));
#1887=CARTESIAN_POINT('',(24.3215941546111,-19.7650476031151,-0.576603109553857));
#1888=CARTESIAN_POINT('',(12.1207958718254,-11.324047602969,-0.576603107414233));
#1889=CARTESIAN_POINT('',(12.1207958718254,-19.765047602969,-0.576603109553856));
#1890=CARTESIAN_POINT('',(40.1442013776916,-11.324047602969,-0.576603107414233));
#1891=CARTESIAN_POINT('Origin',(12.2370473735063,-11.3240476040023,3.62339689258572));
#1892=CARTESIAN_POINT('',(34.1536132877126,-11.3240476025575,-2.07660310741424));
#1893=CARTESIAN_POINT('Origin',(35.3442013776916,-11.3240476037361,2.57339689044614));
#1894=CARTESIAN_POINT('',(18.1113839618045,-11.3240476025575,-2.07660310741427));
#1895=CARTESIAN_POINT('',(40.0279498760108,-11.3240476025575,-2.07660310741423));
#1896=CARTESIAN_POINT('Origin',(16.9207958718254,-11.3240476037361,2.57339689044611));
#1897=CARTESIAN_POINT('Origin',(16.9207958718254,-19.7650476031151,2.5733968904461));
#1898=CARTESIAN_POINT('',(15.7302077818464,-11.3240476025575,-2.07660310741428));
#1899=CARTESIAN_POINT('Origin',(16.9207958718254,-11.3240476037361,2.57339689044611));
#1900=CARTESIAN_POINT('Origin',(16.9207958718254,-10.3240476037362,2.57339689044611));
#1901=CARTESIAN_POINT('',(18.1113839618045,-19.7650476025575,-2.0766031095539));
#1902=CARTESIAN_POINT('',(18.1113839622995,-19.2650476025575,-2.07660310942715));
#1903=CARTESIAN_POINT('',(15.7302077818464,-19.7650476025575,-2.0766031095539));
#1904=CARTESIAN_POINT('Origin',(16.9207958718254,-19.7650476031151,2.5733968904461));
#1905=CARTESIAN_POINT('',(15.7302077813514,-19.2650476025575,-2.07660310942716));
#1906=CARTESIAN_POINT('Origin',(12.1210473735063,-31.3241405263612,3.6233968875161));
#1907=CARTESIAN_POINT('',(12.1210473735063,-31.3241405252966,-0.576603112483901));
#1908=CARTESIAN_POINT('',(12.1210473735063,-19.7650476029377,-0.576603109553905));
#1909=CARTESIAN_POINT('',(12.1210473735063,-11.3240476025575,-2.07660310741428));
#1910=CARTESIAN_POINT('',(12.1210473735063,-11.3240476040023,3.62339689258572));
#1911=CARTESIAN_POINT('',(12.1210473735063,-31.3241405249164,-2.0766031124839));
#1912=CARTESIAN_POINT('',(12.1210473735063,-18.7650476025575,-2.07660310930043));
#1913=CARTESIAN_POINT('',(12.1210473735063,-31.3241405263612,3.6233968875161));
#1914=CARTESIAN_POINT('Origin',(40.1439498760108,-19.7650476040023,3.62339689044614));
#1915=CARTESIAN_POINT('',(40.1439498760108,-19.7650476031151,-0.57660310955386));
#1916=CARTESIAN_POINT('',(40.1439498760108,-11.3240476029377,-0.576603107414233));
#1917=CARTESIAN_POINT('',(40.1439498760108,-19.2650476029533,-0.576603109427117));
#1918=CARTESIAN_POINT('',(40.1439498760108,-31.3241405252966,-0.576603112483854));
#1919=CARTESIAN_POINT('',(40.1439498760108,-22.6548208335274,-0.576603110286359));
#1920=CARTESIAN_POINT('',(40.1439498760108,-31.3241405249164,-2.07660311248385));
#1921=CARTESIAN_POINT('',(40.1439498760108,-31.3241405263612,3.62339688751615));
#1922=CARTESIAN_POINT('',(40.1439498760108,-11.3240476025575,-2.07660310741423));
#1923=CARTESIAN_POINT('',(40.1439498760108,-19.7650476025575,-2.07660310955386));
#1924=CARTESIAN_POINT('',(40.1439498760108,-11.3240476040023,3.62339689258577));
#1925=CARTESIAN_POINT('Origin',(12.1207958718254,-19.765047602969,-0.576603109553856));
#1926=CARTESIAN_POINT('',(12.1207958718254,-19.765047602969,-0.576603109553856));
#1927=CARTESIAN_POINT('',(12.1207958718254,-11.324047602969,-0.576603107414233));
#1928=CARTESIAN_POINT('',(12.1207958718254,-11.324047602969,-0.576603107414233));
#1929=CARTESIAN_POINT('Origin',(26.1324986247586,-25.5445940641171,-0.576603111018881));
#1930=CARTESIAN_POINT('',(24.3215941546111,-19.7650476031151,-0.576603109553857));
#1931=CARTESIAN_POINT('',(12.2370473735063,-31.3241405252966,-0.576603112483901));
#1932=CARTESIAN_POINT('Origin',(40.1442013776916,-19.765047602969,-0.576603109553857));
#1933=CARTESIAN_POINT('',(40.1442013776916,-11.324047602969,-0.576603107414233));
#1934=CARTESIAN_POINT('',(37.7442013776916,-19.7650476031151,-0.576603109553856));
#1935=CARTESIAN_POINT('Origin',(35.3442013776916,-19.7650476031151,2.57339689044613));
#1936=CARTESIAN_POINT('',(32.5442013776916,-19.7650476031151,2.57339689044613));
#1937=CARTESIAN_POINT('Origin',(35.3442013776916,-19.7650476031151,2.57339689044613));
#1938=CARTESIAN_POINT('',(14.1207958718254,-19.7650476031151,2.5733968904461));
#1939=CARTESIAN_POINT('Origin',(16.9207958718254,-19.7650476031151,2.5733968904461));
#1940=CARTESIAN_POINT('Origin',(12.709891401678,-11.3240476033682,0.998396892738986));
#1941=CARTESIAN_POINT('',(40.0279498760108,-11.3240476025575,-2.07660310741423));
#1942=CARTESIAN_POINT('Origin',(37.7442012460602,-11.3240476043758,4.97339689258588));
#1943=CARTESIAN_POINT('',(40.0279498764904,-11.3240476040336,3.62339689258576));
#1944=CARTESIAN_POINT('',(31.9383499354094,-11.3240476040336,3.62339689258575));
#1945=CARTESIAN_POINT('',(30.6604528788929,-11.3240476040336,3.62339689258576));
#1946=CARTESIAN_POINT('Origin',(35.3442013776916,-11.3240476037674,2.57339689044614));
#1947=CARTESIAN_POINT('',(21.6045443706242,-11.3240476040336,3.62339689258574));
#1948=CARTESIAN_POINT('',(26.1324985589428,-11.3240476040336,3.62339689258574));
#1949=CARTESIAN_POINT('',(12.2370473730266,-11.3240476040336,3.62339689258572));
#1950=CARTESIAN_POINT('Origin',(16.9207958718254,-11.3240476037674,2.57339689044611));
#1951=CARTESIAN_POINT('',(20.326647248292,-11.3240476040336,3.62339689258573));
#1952=CARTESIAN_POINT('Origin',(39.5551058478391,-11.3240476033682,0.998396892585889));
#1953=CARTESIAN_POINT('',(36.5347894676707,-11.3240476025575,-2.07660310741424));
#1954=CARTESIAN_POINT('',(40.0279498760108,-11.3240476025575,-2.07660310741423));
#1955=CARTESIAN_POINT('Origin',(35.3442013776916,-11.3240476037361,2.57339689044614));
#1956=CARTESIAN_POINT('Origin',(16.9207958718254,-19.7650476031151,2.5733968904461));
#1957=CARTESIAN_POINT('',(21.6045443701446,-9.32404760400232,3.62339689309269));
#1958=CARTESIAN_POINT('',(21.6045443703844,-15.5445476040023,3.62339689151592));
#1959=CARTESIAN_POINT('',(12.2370473735063,-9.32404760400231,3.62339689309268));
#1960=CARTESIAN_POINT('Origin',(16.9207958718254,-9.32404760373616,2.57339689044612));
#1961=CARTESIAN_POINT('',(12.237047373279,-15.3240940642629,3.62339689157179));
#1962=CARTESIAN_POINT('Origin',(35.3442013776916,-19.7650476031151,2.57339689044613));
#1963=CARTESIAN_POINT('',(36.5347894676707,-19.7650476025575,-2.07660310955386));
#1964=CARTESIAN_POINT('',(36.5347894681657,-19.2650476025575,-2.07660310942712));
#1965=CARTESIAN_POINT('',(34.1536132877126,-19.7650476025575,-2.07660310955387));
#1966=CARTESIAN_POINT('Origin',(35.3442013776916,-19.7650476031151,2.57339689044613));
#1967=CARTESIAN_POINT('',(34.1536132872176,-19.2650476025575,-2.07660310942713));
#1968=CARTESIAN_POINT('Origin',(35.3442013776916,-10.3240476037362,2.57339689044614));
#1969=CARTESIAN_POINT('Origin',(35.3442013776916,-19.7650476031151,2.57339689044613));
#1970=CARTESIAN_POINT('',(40.0279498760108,-9.32404760400232,3.62339689309272));
#1971=CARTESIAN_POINT('',(40.0279498762381,-15.3240940642629,3.62339689157183));
#1972=CARTESIAN_POINT('',(30.6604528793725,-9.32404760400232,3.62339689309271));
#1973=CARTESIAN_POINT('Origin',(35.3442013776916,-9.32404760373616,2.57339689044615));
#1974=CARTESIAN_POINT('',(30.6604528791452,-15.3240940642629,3.62339689157182));
#1975=CARTESIAN_POINT('Origin',(26.1324986247585,4.17585947363877,3.62339689651466));
#1976=CARTESIAN_POINT('',(21.526647248292,-9.32404760400232,3.62339689309269));
#1977=CARTESIAN_POINT('',(30.7383500012251,-9.32404760400232,3.62339689309271));
#1978=CARTESIAN_POINT('Origin',(40.0279498760108,-31.3241405263612,3.62339688751615));
#1979=CARTESIAN_POINT('',(40.0279498760108,-31.3241405249164,-2.07660311248385));
#1980=CARTESIAN_POINT('Origin',(26.1324986247586,-25.5445940637369,-2.07660311101888));
#1981=CARTESIAN_POINT('',(30.7383500012251,-19.7650476031151,-2.07660310955387));
#1982=CARTESIAN_POINT('',(30.7383500012251,-19.7650476031151,-2.07660310955387));
#1983=CARTESIAN_POINT('',(25.1324986247585,-16.3241405249164,-2.07660310868168));
#1984=CARTESIAN_POINT('',(27.1324986247585,-16.3241405249164,-2.07660310868168));
#1985=CARTESIAN_POINT('',(26.6324986247585,-16.3241405249164,-2.07660310868168));
#1986=CARTESIAN_POINT('',(27.1324986247585,-14.3241405249164,-2.07660310817472));
#1987=CARTESIAN_POINT('',(27.1324986247585,-19.9343672943267,-2.0766031095968));
#1988=CARTESIAN_POINT('',(25.1324986247585,-14.3241405249164,-2.07660310817472));
#1989=CARTESIAN_POINT('',(25.6324986247585,-14.3241405249164,-2.07660310817472));
#1990=CARTESIAN_POINT('',(25.1324986247585,-20.9343672943267,-2.07660310985028));
#1991=CARTESIAN_POINT('Origin',(35.3442013776916,-19.7650476031151,2.57339689044613));
#1992=CARTESIAN_POINT('Origin',(35.3442013776916,-19.7650476031151,2.57339689044613));
#1993=CARTESIAN_POINT('Origin',(16.9207958718254,-10.3240476028173,-1.05160310823059));
#1994=CARTESIAN_POINT('Origin',(35.3442013776917,-10.3240476028173,-1.05160310823057));
#1995=CARTESIAN_POINT('Origin',(16.9207958718254,-11.3240476028173,-1.05160310848407));
#1996=CARTESIAN_POINT('',(15.5652516967857,-11.3240476031151,0.123396892585724));
#1997=CARTESIAN_POINT('',(18.276340042998,-11.3240476031151,0.123396890446116));
#1998=CARTESIAN_POINT('Origin',(16.9207958718254,-11.3240476031151,2.57339689044611));
#1999=CARTESIAN_POINT('',(21.526647248292,-11.3240476031151,0.123396892585734));
#2000=CARTESIAN_POINT('Origin',(26.1324986247585,4.17585947452595,0.123396896514656));
#2001=CARTESIAN_POINT('',(18.2763400468651,-11.3241405254741,0.123396892585705));
#2002=CARTESIAN_POINT('',(18.276340042998,-19.7650476031151,0.123396890446105));
#2003=CARTESIAN_POINT('',(15.5652516967858,-11.324140525474,0.123396892585701));
#2004=CARTESIAN_POINT('',(46.1324986247585,-11.3241405254741,0.12339689258575));
#2005=CARTESIAN_POINT('',(15.5652517006528,-19.7650476031151,0.123396890446101));
#2006=CARTESIAN_POINT('Origin',(35.3442013776917,-11.3240476028173,-1.05160310848405));
#2007=CARTESIAN_POINT('',(33.9886572026519,-11.3240476031151,0.123396892585754));
#2008=CARTESIAN_POINT('',(36.6997455527314,-11.3240476031151,0.123396892585759));
#2009=CARTESIAN_POINT('Origin',(35.3442013776916,-11.3240476031151,2.57339689044614));
#2010=CARTESIAN_POINT('',(30.7383500012251,-11.3240476031151,0.123396892585749));
#2011=CARTESIAN_POINT('Origin',(26.1324986247585,4.17585947452595,0.123396896514656));
#2012=CARTESIAN_POINT('',(36.6997455527313,-11.3241405254741,0.123396892585735));
#2013=CARTESIAN_POINT('',(36.6997455488642,-19.7650476031151,0.123396890446135));
#2014=CARTESIAN_POINT('',(33.988657202652,-11.3241405254741,0.123396892585731));
#2015=CARTESIAN_POINT('',(46.1324986247585,-11.3241405254741,0.12339689258575));
#2016=CARTESIAN_POINT('',(33.9886572065191,-19.7650476031151,0.123396890446131));
#2017=CARTESIAN_POINT('Origin',(16.9207958718254,-9.32404760447759,5.49839689202288));
#2018=CARTESIAN_POINT('Origin',(35.3442013776916,-9.32404760447759,5.49839689202291));
#2019=CARTESIAN_POINT('Origin',(16.9207958718254,-11.3240476044776,5.49839689151592));
#2020=CARTESIAN_POINT('',(19.5164653414434,-11.3240476031151,3.62339689258573));
#2021=CARTESIAN_POINT('',(14.3251264022075,-11.3240476031151,3.62339689258572));
#2022=CARTESIAN_POINT('Origin',(16.9207958718254,-11.3240476031151,2.57339689044611));
#2023=CARTESIAN_POINT('',(21.526647248292,-11.3240476040023,3.62339689258573));
#2024=CARTESIAN_POINT('Origin',(26.1324986247585,4.17585947363877,3.62339689651466));
#2025=CARTESIAN_POINT('',(14.3251264022074,-11.3241405263612,3.6233968925857));
#2026=CARTESIAN_POINT('',(14.3251264013419,-19.7650476031151,3.6233968904461));
#2027=CARTESIAN_POINT('',(19.5164653414434,-11.3241405263612,3.62339689258571));
#2028=CARTESIAN_POINT('',(46.1324986247585,-11.3241405263612,3.62339689258575));
#2029=CARTESIAN_POINT('',(19.5164653423089,-19.7650476031151,3.62339689044611));
#2030=CARTESIAN_POINT('Origin',(35.3442013776916,-11.3240476044776,5.49839689151595));
#2031=CARTESIAN_POINT('',(37.9398708473096,-11.3240476031151,3.62339689258576));
#2032=CARTESIAN_POINT('',(32.7485319080737,-11.3240476031151,3.62339689258575));
#2033=CARTESIAN_POINT('Origin',(35.3442013776916,-11.3240476031151,2.57339689044614));
#2034=CARTESIAN_POINT('',(30.7383500012251,-11.3240476040023,3.62339689258575));
#2035=CARTESIAN_POINT('Origin',(26.1324986247585,4.17585947363877,3.62339689651466));
#2036=CARTESIAN_POINT('',(32.7485319080737,-11.3241405263612,3.62339689258573));
#2037=CARTESIAN_POINT('',(32.7485319072082,-19.7650476031151,3.62339689044613));
#2038=CARTESIAN_POINT('',(37.9398708473096,-11.3241405263612,3.62339689258574));
#2039=CARTESIAN_POINT('',(46.1324986247585,-11.3241405263612,3.62339689258575));
#2040=CARTESIAN_POINT('',(37.9398708481751,-19.7650476031151,3.62339689044614));
#2041=CARTESIAN_POINT('Origin',(27.1324986247585,-15.8241405257655,1.27339689144506));
#2042=CARTESIAN_POINT('',(19.4007152258765,-15.8241405257655,1.27339689144505));
#2043=CARTESIAN_POINT('',(19.4007152260094,-14.8241405257655,1.27339689169853));
#2044=CARTESIAN_POINT('',(19.4007152253529,-19.7650476031151,1.27339689044611));
#2045=CARTESIAN_POINT('',(25.1324986247585,-15.8241405257655,1.27339689144506));
#2046=CARTESIAN_POINT('',(27.1324986247585,-15.8241405257655,1.27339689144506));
#2047=CARTESIAN_POINT('',(25.1324986247585,-14.8241405257655,1.27339689169854));
#2048=CARTESIAN_POINT('',(25.1324986247585,-15.0741405257655,1.27339689163517));
#2049=CARTESIAN_POINT('',(27.1324986247585,-14.8241405257655,1.27339689169854));
#2050=CARTESIAN_POINT('Origin',(27.1324986247585,-15.8241405257655,1.27339689144506));
#2051=CARTESIAN_POINT('',(32.8642820235077,-14.8241405257655,1.27339689169855));
#2052=CARTESIAN_POINT('',(32.8642820236405,-15.8241405257655,1.27339689144507));
#2053=CARTESIAN_POINT('',(32.8642820241642,-19.7650476031151,1.27339689044613));
#2054=CARTESIAN_POINT('',(27.1324986247585,-14.8241405257655,1.27339689169854));
#2055=CARTESIAN_POINT('',(27.1324986247585,-14.8241405257655,1.27339689169854));
#2056=CARTESIAN_POINT('',(27.1324986247585,-15.8241405257655,1.27339689144506));
#2057=CARTESIAN_POINT('',(27.1324986247585,-16.0741405257655,1.27339689138169));
#2058=CARTESIAN_POINT('',(27.1324986247585,-15.8241405257655,1.27339689144506));
#2059=CARTESIAN_POINT('Origin',(27.1324986247585,-15.8241405260697,2.47339689144506));
#2060=CARTESIAN_POINT('',(19.7190095877878,-15.8241405260697,2.47339689144505));
#2061=CARTESIAN_POINT('Origin',(16.9207958718254,-15.8241405260951,2.57339689044611));
#2062=CARTESIAN_POINT('',(25.1324986247585,-15.8241405260697,2.47339689144506));
#2063=CARTESIAN_POINT('',(27.1324986247585,-15.8241405260697,2.47339689144506));
#2064=CARTESIAN_POINT('',(25.1324986247585,-15.8241405262155,3.04839689144506));
#2065=CARTESIAN_POINT('Origin',(27.1324986247585,-15.8241405260697,2.47339689144506));
#2066=CARTESIAN_POINT('',(32.5459876617293,-15.8241405260697,2.47339689144507));
#2067=CARTESIAN_POINT('Origin',(35.3442013776916,-15.8241405260951,2.57339689044614));
#2068=CARTESIAN_POINT('',(27.1324986247585,-15.8241405260697,2.47339689144506));
#2069=CARTESIAN_POINT('',(27.1324986247585,-15.8241405262155,3.04839689144506));
#2070=CARTESIAN_POINT('',(27.1324986247585,-15.8241405260697,2.47339689144506));
#2071=CARTESIAN_POINT('Origin',(27.1324986247585,-14.8241405257655,1.27339689169854));
#2072=CARTESIAN_POINT('',(19.7190095877968,-14.8241405260697,2.47339689169853));
#2073=CARTESIAN_POINT('Origin',(16.9207958718254,-14.8241405260951,2.57339689044611));
#2074=CARTESIAN_POINT('',(25.1324986247585,-14.8241405260697,2.47339689169854));
#2075=CARTESIAN_POINT('',(25.1324986247585,-14.8241405260634,2.44839689169854));
#2076=CARTESIAN_POINT('',(27.1324986247585,-14.8241405260697,2.47339689169854));
#2077=CARTESIAN_POINT('Origin',(27.1324986247585,-14.8241405260697,2.47339689169854));
#2078=CARTESIAN_POINT('',(19.7190095877521,-19.7650476031151,2.47339689044611));
#2079=CARTESIAN_POINT('',(25.1324986247585,-14.5741405260697,2.47339689176191));
#2080=CARTESIAN_POINT('Origin',(27.1324986247585,-14.8241405260697,2.47339689169854));
#2081=CARTESIAN_POINT('',(32.5459876617202,-14.8241405260697,2.47339689169855));
#2082=CARTESIAN_POINT('',(32.545987661765,-19.7650476031151,2.47339689044613));
#2083=CARTESIAN_POINT('',(27.1324986247585,-14.8241405260697,2.47339689169854));
#2084=CARTESIAN_POINT('',(27.1324986247585,-15.5741405260697,2.47339689150843));
#2085=CARTESIAN_POINT('',(27.1324986247585,-14.8241405260697,2.47339689169854));
#2086=CARTESIAN_POINT('Origin',(27.1324986247585,-14.8241405257655,1.27339689169854));
#2087=CARTESIAN_POINT('Origin',(35.3442013776916,-14.8241405260951,2.57339689044614));
#2088=CARTESIAN_POINT('',(27.1324986247585,-14.8241405260634,2.44839689169854));
#2089=CARTESIAN_POINT('Origin',(35.3442013776916,-19.7650476031151,2.57339689044613));
#2090=CARTESIAN_POINT('',(32.5442013776916,-11.3241405260951,2.57339689044614));
#2091=CARTESIAN_POINT('Origin',(35.3442013776916,-11.3241405260951,2.57339689044614));
#2092=CARTESIAN_POINT('',(32.5442013776916,-19.7650476031151,2.57339689044613));
#2093=CARTESIAN_POINT('Origin',(35.3442013776916,-11.3241405260951,2.57339689044614));
#2094=CARTESIAN_POINT('Origin',(35.3442013776916,-11.3241405260951,2.57339689044614));
#2095=CARTESIAN_POINT('Origin',(6.13249862475854,-11.324140525474,0.123396892585686));
#2096=CARTESIAN_POINT('Origin',(16.9207958718254,-19.7650476031151,2.5733968904461));
#2097=CARTESIAN_POINT('',(14.1207958718254,-11.3241405260951,2.57339689044611));
#2098=CARTESIAN_POINT('Origin',(16.9207958718254,-11.3241405260951,2.57339689044611));
#2099=CARTESIAN_POINT('',(14.1207958718254,-19.7650476031151,2.5733968904461));
#2100=CARTESIAN_POINT('Origin',(16.9207958718254,-11.3241405260951,2.57339689044611));
#2101=CARTESIAN_POINT('Origin',(16.9207958718254,-11.3241405260951,2.57339689044611));
#2102=CARTESIAN_POINT('Origin',(6.13249862475854,-11.324140525474,0.123396892585686));
#2103=CARTESIAN_POINT('Origin',(25.1324986247585,-14.3241405263612,3.62339689182528));
#2104=CARTESIAN_POINT('',(25.1324986247585,-16.3241405273118,7.37339689131832));
#2105=CARTESIAN_POINT('',(25.1324986247585,-14.3241405263612,3.62339689182528));
#2106=CARTESIAN_POINT('Origin',(27.1324986247585,-14.3241405263612,3.62339689182528));
#2107=CARTESIAN_POINT('',(27.1324986247585,-14.3241405273118,7.37339689182528));
#2108=CARTESIAN_POINT('Origin',(27.1324986247585,-16.3241405263612,3.62339689131832));
#2109=CARTESIAN_POINT('',(27.1324986247585,-16.3241405273118,7.37339689131832));
#2110=CARTESIAN_POINT('Origin',(25.1324986247585,-16.3241405263612,3.62339689131832));
#2111=CARTESIAN_POINT('',(0.,0.,0.));
#2112=UNCERTAINTY_MEASURE_WITH_UNIT(LENGTH_MEASURE(0.01),#2118,
'DISTANCE_ACCURACY_VALUE',
'Maximum model space distance between geometric entities at asserted c
onnectivities');
#2113=UNCERTAINTY_MEASURE_WITH_UNIT(LENGTH_MEASURE(0.01),#2118,
'DISTANCE_ACCURACY_VALUE',
'Maximum model space distance between geometric entities at asserted c
onnectivities');
#2114=UNCERTAINTY_MEASURE_WITH_UNIT(LENGTH_MEASURE(0.01),#2118,
'DISTANCE_ACCURACY_VALUE',
'Maximum model space distance between geometric entities at asserted c
onnectivities');
#2115=(
GEOMETRIC_REPRESENTATION_CONTEXT(3)
GLOBAL_UNCERTAINTY_ASSIGNED_CONTEXT((#2112))
GLOBAL_UNIT_ASSIGNED_CONTEXT((#2118,#2120,#2121))
REPRESENTATION_CONTEXT('','3D')
);
#2116=(
GEOMETRIC_REPRESENTATION_CONTEXT(3)
GLOBAL_UNCERTAINTY_ASSIGNED_CONTEXT((#2113))
GLOBAL_UNIT_ASSIGNED_CONTEXT((#2118,#2120,#2121))
REPRESENTATION_CONTEXT('','3D')
);
#2117=(
GEOMETRIC_REPRESENTATION_CONTEXT(3)
GLOBAL_UNCERTAINTY_ASSIGNED_CONTEXT((#2114))
GLOBAL_UNIT_ASSIGNED_CONTEXT((#2118,#2120,#2121))
REPRESENTATION_CONTEXT('','3D')
);
#2118=(
LENGTH_UNIT()
NAMED_UNIT(*)
SI_UNIT(.MILLI.,.METRE.)
);
#2119=(
LENGTH_UNIT()
NAMED_UNIT(*)
SI_UNIT($,.METRE.)
);
#2120=(
NAMED_UNIT(*)
PLANE_ANGLE_UNIT()
SI_UNIT($,.RADIAN.)
);
#2121=(
NAMED_UNIT(*)
SI_UNIT($,.STERADIAN.)
SOLID_ANGLE_UNIT()
);
#2122=SHAPE_DEFINITION_REPRESENTATION(#2124,#2127);
#2123=SHAPE_DEFINITION_REPRESENTATION(#2125,#2128);
#2124=PRODUCT_DEFINITION_SHAPE('',$,#2130);
#2125=PRODUCT_DEFINITION_SHAPE('',$,#2131);
#2126=PRODUCT_DEFINITION_SHAPE($,$,#14);
#2127=SHAPE_REPRESENTATION('',(#1286,#1394),#2115);
#2128=SHAPE_REPRESENTATION('',(#1287),#2116);
#2129=PRODUCT_DEFINITION_CONTEXT('part definition',#2137,'design');
#2130=PRODUCT_DEFINITION('filament cut-out sensor',
'filament cut-out sensor v3',#2132,#2129);
#2131=PRODUCT_DEFINITION('Universal','Universal',#2133,#2129);
#2132=PRODUCT_DEFINITION_FORMATION('',$,#2139);
#2133=PRODUCT_DEFINITION_FORMATION('',$,#2140);
#2134=PRODUCT_RELATED_PRODUCT_CATEGORY('filament cut-out sensor v3',
'filament cut-out sensor v3',(#2139));
#2135=PRODUCT_RELATED_PRODUCT_CATEGORY('Universal','Universal',(#2140));
#2136=APPLICATION_PROTOCOL_DEFINITION('international standard',
'automotive_design',2009,#2137);
#2137=APPLICATION_CONTEXT(
'Core Data for Automotive Mechanical Design Process');
#2138=PRODUCT_CONTEXT('part definition',#2137,'mechanical');
#2139=PRODUCT('filament cut-out sensor','filament cut-out sensor v3',$,
(#2138));
#2140=PRODUCT('Universal','Universal',$,(#2138));
#2141=PRESENTATION_STYLE_ASSIGNMENT((#2142));
#2142=SURFACE_STYLE_USAGE(.BOTH.,#2143);
#2143=SURFACE_SIDE_STYLE('',(#2144));
#2144=SURFACE_STYLE_FILL_AREA(#2145);
#2145=FILL_AREA_STYLE('Steel - Satin',(#2146));
#2146=FILL_AREA_STYLE_COLOUR('Steel - Satin',#2147);
#2147=COLOUR_RGB('Steel - Satin',0.627450980392157,0.627450980392157,0.627450980392157);
ENDSEC;
END-ISO-10303-21;
